symbol_a,symbol_b,group,distance,beta,alpha,coint_p,bh_bar,bh_pass,hurst,half_life,sigma_bps,crossings,lots_a,lots_b,notional_a,notional_b,beta_effective,lot_error,lot_size_known,min_notional_for_lot_gate,cost_hard_bps,cost_allin_low_bps,cost_allin_high_bps,cost_coverage,z_today,gate_sigma,gate_half_life,gate_hurst,gate_lot,admitted,mwpl_ban_screen,event_screen
ABB,CUMMINSIND,optics-2,1.4970255384411928,1.070424456837732,-0.35349859514348103,0.5294202086087518,0.04639769452449568,False,0.4218654758243099,17.93601170037621,626.2464198406055,12,1.0,1.0,938625.0,1038600.0,1.106512185377547,0.033713475350167325,True,100000.0,12.955049940071914,17.90535357570915,28.437914502596886,44.04306228457211,1.9130392113269934,True,False,True,True,False,unchecked,unchecked
ABB,SIEMENS,optics-2,7.523701010415782,1.544642172438099,-3.8381625455224295,0.2536853266211955,0.02334293948126801,False,0.4864169694071321,14.082942551122164,699.7685194835997,20,1.0,2.0,938625.0,1431150.0,1.524730323611666,0.012890913625000675,True,700000.0,15.527091490211749,21.460207750699162,34.083859368757494,41.06157767597369,-1.1905401011677852,True,False,True,True,False,unchecked,unchecked
ABCAPITAL,LTF,optics-3,2.1371314220045834,0.989456834542815,0.2527875585372988,0.4468832841154282,0.04005763688760807,False,0.3143005585346224,17.785701220783345,488.194461243919,32,1.0,1.0,1257205.0,707175.0,0.5624977628946751,0.43150853755577834,True,3300000.0,9.609361241802253,13.281230984604738,21.093719799078112,46.28813370937593,1.2850522274174452,True,False,True,False,False,unchecked,unchecked
ABCAPITAL,SHRIRAMFIN,optics-3,26.198445959881845,0.46134396893731766,2.6994527761382163,0.7944729628712244,0.07665706051873199,False,0.4164069325175367,25.324941830525674,600.7599334224925,31,1.0,1.0,1257205.0,896692.5000000001,0.7132428681082242,0.5460110376020366,True,3200000.0,10.53644363886558,14.562564378919905,23.128778719461025,51.949127163986475,1.3399120206310804,True,False,True,False,False,unchecked,unchecked
ADANIENSOL,ADANIENT,optics-17,44.55348187361116,1.282142290966,-2.971622842269396,0.6402624553691079,0.05936599423631125,False,0.49468901838670326,41.99441768799758,1404.4283302617268,11,1.0,1.0,1067445.0,979066.5,0.9172055703104142,0.2846304370637622,True,2000000.0,11.790814257409048,16.29624734763852,25.88227519919059,108.52433330943387,0.016535178717558066,True,False,True,False,False,unchecked,unchecked
ADANIENSOL,ADANIGREEN,optics-17,24.234309611431293,1.1247122453557847,-0.8664017567668774,0.6880789748477694,0.0659942363112392,False,0.49548429003562827,42.04788470954668,1046.5470769907668,11,1.0,1.0,1067445.0,786600.0,0.7368997934319801,0.34481037574293183,True,1800000.0,10.681933729606678,14.763648244171831,23.44814721133173,89.26479926610189,1.5161244100690097,True,False,True,False,False,unchecked,unchecked
ADANIENSOL,ADANIPORTS,optics-17,35.71673275249222,2.1399488125004384,-8.693143766203153,0.18702300473103461,0.01815561959654179,False,0.48098347985189416,14.796350961630163,877.9097962955782,25,1.0,3.0,1067445.0,2433187.5,2.279449995081714,0.06518902777785342,True,1000000.0,20.168617469752544,27.875324958194568,44.27257493360314,39.65930590719898,1.5039060765594277,True,False,True,True,False,unchecked,unchecked
ADANIENSOL,ADANIPOWER,optics-17,4.738110925111233,1.0707444385695353,1.5338485084846731,0.4186150175995339,0.03717579250720461,False,0.4353579493349748,16.58545603362997,834.7186846221216,18,1.0,1.0,1067445.0,754836.5,0.707143225177878,0.33957796117756317,True,1800000.0,10.49893083484395,14.510717414011962,23.046433539901354,72.43799203698347,1.1201992820435749,True,False,True,False,False,unchecked,unchecked
ADANIENT,ADANIGREEN,optics-17,4.429799584019998,0.7402552430616924,2.602769536325907,0.6634243122763385,0.06253602305475506,False,0.4428944877878028,25.012215691485633,527.8777975585122,22,1.0,1.0,979066.5,786600.0,0.8034183582014092,0.08532613005005457,True,100000.0,11.091022902938667,15.329056044711978,24.346147835719023,43.36437954131253,2.7333617968420487,True,False,True,True,False,unchecked,unchecked
ADANIENT,ADANIPORTS,optics-17,3.147377748134975,1.2294891915625614,-1.2341400146904387,0.7450977401315981,0.07175792507204612,False,0.44267428035051976,36.882140938724845,806.0346232276178,14,1.0,2.0,979066.5,1622125.0,1.6568077857837031,0.34755782901845705,True,1700000.0,16.339367882569775,22.582866179161478,35.86690510807999,44.9458697815573,1.790607245591346,True,False,True,False,False,unchecked,unchecked
ADANIENT,ADANIPOWER,optics-17,42.12882546262591,0.5593562794856713,4.9279520841272095,0.8178610824938383,0.07896253602305477,False,0.5711637177121912,35.57305779174072,955.6957764854862,16,1.0,1.0,979066.5,754836.5,0.7709757202396365,0.37832674543056777,True,2500000.0,10.891500679473765,15.05329362203691,23.90817222323509,79.94720529549272,1.4142737215087315,True,False,False,False,False,unchecked,unchecked
ADANIGREEN,ADANIPORTS,optics-17,3.9309510362175293,1.718116628932897,-5.603464787326732,0.20614500644401523,0.019020172910662825,False,0.30795708728376886,13.110830625772552,683.7979420392439,28,1.0,2.0,786600.0,1622125.0,2.0621980676328504,0.20026663667975697,True,1200000.0,18.83251811594203,26.028683574879228,41.339673913043484,33.08192239143387,-0.08136057176046865,True,False,True,False,False,unchecked,unchecked
ADANIGREEN,ADANIPOWER,optics-17,21.49850808215806,0.8313025183708251,2.7530391729429002,0.26124660797530064,0.02420749279538905,False,0.47385133308939414,15.712013481325682,794.1522787057879,14,1.0,1.0,786600.0,754836.5,0.959619247393847,0.1543562375758167,True,3600000.0,12.05165837147216,16.6567636028477,26.454859839816933,60.03829039460777,-0.37655329784534364,True,False,True,False,False,unchecked,unchecked
ADANIPORTS,ADANIPOWER,optics-17,31.04498138656887,0.4497359104344593,5.038647362500617,0.14365203578512947,0.01585014409221902,False,0.5029059622239103,10.034701665307775,441.7515487682744,22,1.0,1.0,811062.5,754836.5,0.930676119287971,1.069383604233222,True,1300000.0,11.873658133621023,16.410747013947756,26.06412761038761,33.897282531122855,-0.14137977803852755,True,False,False,False,False,unchecked,unchecked
ALKEM,APOLLOHOSP,optics-5,1.9858002191843345,-0.06233768501282453,9.175495109598852,0.007438611406374305,0.001440922190201729,False,0.2726078536445221,5.686108165615349,274.69945185420545,32,1.0,1.0,669375.0,1104812.5,-1.6505135387488328,25.476978386497315,True,16400000.0,16.300658263305323,22.52936507936508,35.78193277310924,15.354086856965255,-0.846544597123266,True,False,True,False,False,unchecked,unchecked
ALKEM,FORTIS,optics-5,1.3230534523693942,0.022645890295400425,8.462094140780257,0.013419873260609361,0.0025936599423631124,False,0.2775942901644259,6.192513987457379,278.2287903353037,30,1.0,1.0,669375.0,718231.25,1.0729878618113913,46.38112954778927,True,29200000.0,12.74887535014006,17.620396825396828,27.985336134453785,19.88389841012243,-1.114827860931332,True,False,True,False,False,unchecked,unchecked
ALKEM,MANKIND,optics-5,5.507387745331295,-0.02138207168037059,8.782512787527,0.01046841060232715,0.002017291066282421,False,0.280010165275335,5.944462295936,278.1293928364214,32,1.0,1.0,669375.0,595725.0,-0.8899719887955182,40.622346145838634,True,25200000.0,11.623327731092438,16.064761904761905,25.514621848739495,21.80156887962358,-1.0951105563690733,True,False,True,False,False,unchecked,unchecked
APOLLOHOSP,FORTIS,optics-5,1.379958663563886,0.5445030027573446,5.239257077058547,0.978672260773231,0.09596541786743518,False,0.4548753717263918,144.47771932502155,657.1667914737739,14,1.0,1.0,1104812.5,718231.25,0.6500933416303671,0.19392058140784646,True,5000000.0,10.148074051026759,14.02579340385812,22.276260112009957,59.00153689797067,1.943844647966486,True,False,True,False,False,unchecked,unchecked
APOLLOHOSP,MANKIND,optics-5,3.1054926081671597,0.667754489230535,3.7885180194900774,0.7665757822820956,0.07492795389048991,False,0.4250700925874704,34.32067512315223,539.332989157387,9,1.0,1.0,1104812.5,595725.0,0.5392091418227075,0.19250390597291608,True,3200000.0,9.46613622220965,13.083277705493012,20.77932341460655,51.9105438031991,1.9625434413244476,True,False,True,False,False,unchecked,unchecked
BAJAJ-AUTO,BOSCHLTD,optics-11,7.48695130015146,0.4684141045973635,4.237868756899735,0.5753224781931612,0.0521613832853026,False,0.4940913188027333,29.66367309935049,688.2979600866375,19,1.0,1.0,893250.0,1216000.0,1.3613210187517493,1.906234046735004,True,2300000.0,14.522124265323258,20.07122865938987,31.877833753148614,43.18348388517168,1.3372914164494396,True,False,True,False,False,unchecked,unchecked
BAJAJ-AUTO,EICHERMOT,optics-11,3.723758044578808,0.9891279164962025,0.38707686565830846,0.39364722891066706,0.03429394812680115,False,0.4715930541279596,16.954438410217552,559.078547830436,22,1.0,1.0,893250.0,805900.0,0.9022110271480549,0.08787224371953237,True,100000.0,11.698597816960538,16.168793730758466,25.67984886649874,43.54219923465323,1.8119364524141217,True,False,True,True,False,unchecked,unchecked
BAJAJ-AUTO,HEROMOTOCO,optics-11,4.324935189863707,-0.2643771006383845,11.445549643148093,0.8884612034166441,0.0867435158501441,False,0.48431114943241177,46.07002786674602,783.7149594902261,13,1.0,1.0,893250.0,840000.0,-0.9403862300587741,2.5569882103557684,True,5900000.0,11.933375314861461,16.49328295549958,26.195214105793447,59.83649962356263,2.823684392976678,True,False,True,False,False,unchecked,unchecked
BAJAJ-AUTO,M&M,optics-11,7.940580778131541,-0.3724207406657889,12.19909615181672,0.8198012440553637,0.0792507204610951,False,0.47732145207562593,32.60200824531345,757.4991317763905,17,1.0,1.0,893250.0,666800.0,-0.7464875454799889,1.004419904609685,True,1400000.0,10.740898404701932,14.845144136579906,23.577581863979848,64.25587968659703,2.733835055530326,True,False,True,False,False,unchecked,unchecked
BAJAJ-AUTO,MARUTI,optics-11,8.21644223998708,-0.4333712644299243,13.329398805535385,0.4312851473540724,0.038616714697406344,False,0.5017208664239433,24.347582731187174,704.3345703207675,17,1.0,1.0,893250.0,668800.0,-0.7487265603134621,0.7276792943306245,True,4100000.0,10.754668345927792,14.864175762664427,23.60780856423174,59.669627395056644,2.4603282921086924,True,False,False,False,False,unchecked,unchecked
BAJAJ-AUTO,TMPV,optics-11,17.50230228467303,-0.3324625591080841,11.134761934424423,0.7639602836244646,0.07406340057636888,False,0.5326112808116875,30.058741507419082,747.1871781840061,19,1.0,1.0,893250.0,511039.99999999994,-0.5721130702490903,0.7208345859573784,True,4100000.0,9.668495382031907,13.36296109711727,21.22352644836272,70.41121841857225,2.2417212232388626,True,False,False,False,False,unchecked,unchecked
BAJAJ-AUTO,TVSMOTOR,optics-11,1.2106483724693207,0.7822713949569228,2.7621141269386205,0.9023313748928898,0.08760806916426514,False,0.5170427784881725,30.76470055909921,607.1397254121877,1,1.0,1.0,893250.0,753235.0,0.84325216904562,0.07795347558637906,True,100000.0,11.336000839630563,15.667643436887769,24.883904282115868,48.79778659561399,1.2762080855536004,True,False,False,True,False,unchecked,unchecked
BAJAJ-AUTO,UNOMINDA,optics-11,11.312125385723725,-0.2716823918734321,11.09728818943602,0.9677308574167747,0.09337175792507205,False,0.5051499338440354,51.63307473901117,778.0970673661241,19,1.0,1.0,893250.0,701800.0,-0.7856703050657711,1.8918705391543702,True,2300000.0,10.981872376154492,15.178197593059053,24.106549118387907,64.55482811288074,2.9659300731749965,True,False,False,False,False,unchecked,unchecked
BAJAJFINSV,BAJFINANCE,optics-4,3.7342624749673274,0.7358330661516213,2.500052655581835,0.5897168931283361,0.05273775216138329,False,0.320425189390334,31.96724933640229,477.63182052052053,7,2.0,1.0,1201200.0,809925.0000000001,0.6742632367632369,0.08367363770480206,True,1000000.0,10.296718906093908,14.231237512487514,22.602553696303698,42.26352711628597,-0.788636440757133,True,False,True,True,False,unchecked,unchecked
BAJAJFINSV,CHOLAFIN,optics-4,3.8831916868658976,0.5089348582858332,3.7953839573620836,0.7024945828240395,0.06743515850144093,False,0.3819487811165852,35.06731330780841,603.159200677926,5,2.0,1.0,1201200.0,1164312.5,0.9692911255411255,0.9045485090289146,True,2200000.0,12.111140422077924,16.738974567099568,26.585430194805195,45.37516950135971,-0.4261783773583414,True,False,True,False,False,unchecked,unchecked
BAJFINANCE,CHOLAFIN,optics-4,0.524331344645236,0.811972248487363,0.8688548393472629,0.1189666143346717,0.014121037463976947,False,0.29408187737181,10.074923559379677,385.46122096848734,25,1.0,1.0,809925.0000000001,1164312.5,1.4375559465382595,0.7704496049172949,True,3700000.0,14.990969071210296,20.719225545575206,32.9070052782665,23.427304776534374,0.04429549545959491,True,False,True,False,False,unchecked,unchecked
BANKBARODA,BANKINDIA,optics-14,4.056168867980792,0.6024305287004443,2.618634275088672,0.8730218639436405,0.08530259365994236,False,0.47527925930651477,44.60656644626415,515.276379862948,23,1.0,1.0,707557.5,748800.0,1.0582885489871847,0.7566980731705474,True,3200000.0,12.658474576271187,17.49545266639107,27.786895411326995,37.087725867561424,-2.407972030694746,True,False,True,False,False,unchecked,unchecked
BANKBARODA,CANBK,optics-14,2.9278546726407013,0.7454205977745589,1.9493591045445797,0.3255688018158527,0.029682997118155623,False,0.39983627979960834,13.162688533876892,315.51945778469275,21,1.0,1.0,707557.5,866362.5,1.224441123159602,0.6426177742004326,True,1800000.0,13.680312907431555,18.907749546856618,30.02995516265463,21.01364827724245,-2.525152175175096,True,False,True,False,False,unchecked,unchecked
BANKBARODA,FEDERALBNK,optics-14,33.08611818371022,0.03583413944772139,5.404356209687712,0.6392695519324452,0.05878962536023055,False,0.4885935435035265,27.61966839278211,778.3949216192606,12,1.0,1.0,707557.5,860625.0,1.2163322415492734,32.94339198025913,True,21600000.0,13.630443285528033,18.838824053168825,29.920485260915193,52.03090222845212,-1.6078238565577325,True,False,True,False,False,unchecked,unchecked
BANKBARODA,INDIANB,optics-14,5.230793779197137,0.5262283877951395,2.065316314573595,0.8665383026974944,0.08386167146974063,False,0.5144752879318586,58.46860835251224,625.5387456797604,12,1.0,1.0,707557.5,882400.0,1.2471071255693,1.369897091250802,True,3200000.0,13.819708822251195,19.10041056733905,30.33594619518555,41.24076049284635,-2.3341877309078636,True,False,False,False,False,unchecked,unchecked
BANKBARODA,INDUSTOWER,optics-14,1.2960097000834367,0.6380449465050985,1.7774407350825472,0.43220665229606253,0.03890489913544669,False,0.45930780355714496,17.838024442617208,562.1584050275818,12,1.0,1.0,707557.5,646000.0,0.9130000035332817,0.4309336803531695,True,1800000.0,11.764950021729684,16.260500030032894,25.825500047699304,43.53514193253055,-1.4055213963370552,True,False,True,False,False,unchecked,unchecked
BANKBARODA,LICHSGFIN,optics-14,10.22510596935346,-0.3131205840412061,7.575650932540354,0.5002084877778838,0.04495677233429395,False,0.46876413855824817,19.929444537717377,767.194542047812,26,1.0,1.0,707557.5,535000.0,-0.7561222939478417,1.4147958725330476,True,3200000.0,10.800152107779226,14.927039498556653,23.707650968295862,64.72126176260802,-1.5643943674741374,True,False,True,False,False,unchecked,unchecked
BANKBARODA,MAHABANK,optics-14,16.267048589629372,-0.04059278421867445,5.776061108910277,0.4983304254290838,0.0446685878962536,False,0.4882253490661628,22.804746105632066,778.2572490404297,20,1.0,1.0,707557.5,544700.0,-0.7698314271278306,17.96473577620908,True,12400000.0,10.88446327683616,15.04356713058656,23.892724266225713,65.14596162150993,-1.3848154440882277,True,False,True,False,False,unchecked,unchecked
BANKBARODA,PNB,optics-14,1.3184983666883978,0.8690783530968036,1.4869698281772632,0.8845532226281159,0.08645533141210375,False,0.48736632090411214,46.718032142011154,506.5585714300793,12,1.0,1.0,707557.5,923200.0,1.3047702836871915,0.5013264097970896,True,1800000.0,14.174337244676229,19.590547411341127,31.114398829777084,32.56103864975164,-2.4712018214241787,True,False,True,False,False,unchecked,unchecked
BANKBARODA,RBLBANK,optics-14,11.434947103130535,-0.05391921665535769,5.915962561232812,0.4819805802714571,0.043227665706051875,False,0.4904454732814006,22.607425458135083,778.933543519606,18,1.0,1.0,707557.5,1212850.0,-1.714136306943252,30.790823629722123,True,20200000.0,16.691938287701,23.070158609017643,36.640840143733904,42.51723161718029,-1.3719491553961485,True,False,True,False,False,unchecked,unchecked
BANKBARODA,SBIN,optics-14,4.725976958177937,0.42318839378556705,2.6829662252281694,0.8369709341996561,0.08213256484149856,False,0.45976295418416785,39.81438385501736,668.362005512598,14,1.0,1.0,707557.5,785625.0,1.1103337891266787,1.6237340282287933,True,3200000.0,12.978552803129073,17.937837207576766,28.489506153210158,46.919873016983686,-2.0552081959790267,True,False,True,False,False,unchecked,unchecked
BANKBARODA,UNIONBANK,optics-14,5.524197474351647,0.28528708851975315,4.1523908290121865,0.8822232113629196,0.08616714697406341,False,0.5236256388995002,51.813373828466794,712.3331020496761,8,1.0,1.0,707557.5,823050.0,1.1632270168855534,3.0773910341372215,True,2500000.0,13.303846153846154,18.387429643527206,29.20356472795497,48.78398296135394,-2.1717994690472775,True,False,False,False,False,unchecked,unchecked
BANKINDIA,CANBK,optics-14,1.2301400761002315,0.8488982502450569,0.7941028391553928,0.5554110080297288,0.05014409221902018,False,0.4731530068652918,22.706968183333057,535.7876929711965,19,1.0,1.0,748800.0,866362.5,1.1570012019230769,0.36294450081511875,True,1900000.0,13.265557391826922,18.334510216346153,29.119516225961533,36.79921663626503,1.0174257743524724,True,False,True,False,False,unchecked,unchecked
BANKINDIA,FEDERALBNK,optics-14,16.51839531370126,0.3409749804319598,3.0477459177832027,0.6676788409625241,0.06340057636887608,False,0.43605458289777765,22.354833494064966,765.724002655779,28,1.0,1.0,748800.0,860625.0,1.1493389423076923,2.3707427473173164,True,4900000.0,13.21843449519231,18.269381009615387,29.01607572115385,52.77929448588642,-0.9101582865694338,True,False,True,False,False,unchecked,unchecked
BANKINDIA,INDIANB,optics-14,0.8710927060310538,0.9731268826196755,-1.5885643999302594,0.4757222956591694,0.04293948126801153,False,0.4314042934708189,13.156264777909643,448.7523888240851,29,1.0,1.0,748800.0,882400.0,1.1784188034188035,0.21096110329053733,True,2700000.0,13.39727564102564,18.516559829059826,29.408653846153843,30.518390346709076,-0.935859990272698,True,False,True,False,False,unchecked,unchecked
BANKINDIA,INDUSTOWER,optics-14,3.026270005620548,0.9997613308242465,-1.040256666946069,0.04075085370836011,0.005475504322766571,False,0.3648345117824898,7.674175878568037,476.86743187625905,25,1.0,2.0,748800.0,1292000.0,1.7254273504273505,0.7258392550598388,True,3000000.0,16.761378205128207,23.16613247863248,36.79326923076923,25.92144932190301,1.4955194003868353,True,False,True,False,False,unchecked,unchecked
BANKINDIA,LICHSGFIN,optics-14,24.056307468227324,-1.0443034930516581,11.52955441890983,0.1164672167788049,0.013832853025936601,False,0.41085524561724646,8.434268770956233,843.7075178562184,28,1.0,2.0,748800.0,1070000.0,-1.4289529914529915,0.3683311422020744,True,1300000.0,14.938060897435898,20.646100427350426,32.79086538461539,51.45991165283877,0.01009815266447489,True,False,True,False,False,unchecked,unchecked
BANKINDIA,MAHABANK,optics-14,9.638570894443099,0.24350079331610497,3.9313079207058816,0.5661270351403059,0.05129682997118156,False,0.4845371894633944,26.41358299509964,892.8179969168872,8,1.0,1.0,748800.0,544700.0,0.7274305555555556,1.9873847458526692,True,1900000.0,10.623697916666668,14.683159722222223,23.3203125,76.56998566523387,-0.4460211570326485,True,False,True,False,False,unchecked,unchecked
BANKINDIA,PNB,optics-14,7.7641104628808115,0.8167777144585155,1.0870086501779366,0.573343889166914,0.05187319884726225,False,0.41923942400736725,34.36500342601545,798.0521948444367,6,1.0,1.0,748800.0,923200.0,1.232905982905983,0.509475541608454,True,1900000.0,13.732371794871796,18.979700854700855,30.14423076923077,52.94891755267714,0.055307081180329704,True,False,True,False,False,unchecked,unchecked
BANKINDIA,RBLBANK,optics-14,5.654260956524428,0.3583916705949347,2.8905454386996556,0.6430087576120325,0.060230547550432285,False,0.439057392012976,27.533053457324424,899.4815106333535,18,1.0,1.0,748800.0,1212850.0,1.619724893162393,3.519426722372284,True,3400000.0,16.11130809294872,22.26766159188034,35.36628605769231,50.86660833801138,-0.5727895773581878,True,False,True,False,False,unchecked,unchecked
BANKINDIA,SBIN,optics-14,0.7309413464263306,0.9226765529384893,-1.413723992193169,0.09745632935578269,0.01181556195965418,False,0.32714715893553037,9.257898449426765,416.12797670972515,22,1.0,1.0,748800.0,785625.0,1.049178685897436,0.13710344384071496,True,3400000.0,12.602448918269232,17.418018830128208,27.663912259615387,30.084535607582975,-0.7907329362336427,True,False,True,False,False,unchecked,unchecked
BANKINDIA,UNIONBANK,optics-14,1.4652551295835106,0.7373941897989751,1.2025424193322636,0.7273209092795097,0.069164265129683,False,0.4354581633064692,23.258014275575363,514.0551233790143,22,1.0,1.0,748800.0,823050.0,1.0991586538461537,0.49059847372244847,True,1900000.0,12.909825721153846,17.842848557692307,28.338641826923077,36.27944673697362,-1.6761695467077082,True,False,True,False,False,unchecked,unchecked
BDL,BEL,optics-15,11.71790252546461,-0.2860394543693019,8.957941572814285,0.2373607093135235,0.02276657060518732,False,0.4061871935435314,13.166968521417475,847.0934573771405,25,2.0,1.0,1110100.0,586957.5,-0.5287429060445005,0.8484964153296393,True,2000000.0,9.40176887217368,12.994314701378254,20.638029231600758,82.09053760618566,-0.7205399160222821,True,False,True,False,False,unchecked,unchecked
BDL,COCHINSHIP,optics-15,0.5412796852480435,0.7689263067471337,1.5764906292078995,0.08686947141431106,0.010951008645533142,False,0.444614997760008,9.151547463818359,442.8310861972249,42,2.0,1.0,1110100.0,614000.0,0.5531033240248626,0.28068097141231746,True,1400000.0,9.551585442752906,13.201378254211333,20.966894874335644,42.24097930106653,-0.9671714228883823,True,False,True,False,False,unchecked,unchecked
BDL,HAL,optics-15,2.440588936039704,0.7655339921442899,0.8065790663169479,0.5885435969517087,0.05244956772334294,False,0.42395909276382227,22.441237707442355,663.5027944800092,19,2.0,1.0,1110100.0,729165.0,0.6568462300693632,0.14197640234170156,True,2500000.0,10.189604314926584,14.083192955589587,22.367424105936404,59.32759993618692,-1.96665559745489,True,False,True,False,False,unchecked,unchecked
BDL,IRFC,optics-15,1.67718525653568,0.5217606642959011,4.7931057332299645,0.18425923225645985,0.017579250720461098,False,0.45018455862437695,10.58069357423285,528.2863675902103,28,2.0,1.0,1110100.0,455157.50000000006,0.4100148635258085,0.2141706119622679,True,1400000.0,8.671591410683723,11.985126339969373,19.035200657598416,55.50625676008626,1.3328788751394658,True,False,True,False,False,unchecked,unchecked
BDL,MAZDOCK,optics-15,0.6589759472614012,0.9576447446586235,-0.27273397940072736,0.2557219694895736,0.023919308357348706,False,0.44619610079262484,13.438835326144087,492.3740766446264,35,2.0,2.0,1110100.0,1149750.0,1.0357175029276642,0.08152580453712163,True,100000.0,12.519662643005134,17.303598774885145,27.48218628952346,35.832234848966536,-1.3412166968094013,True,False,True,True,False,unchecked,unchecked
BDL,RVNL,optics-15,2.062759022301229,0.41030836712157337,4.905078124739077,0.21819159713987124,0.020172910662824207,False,0.386665131351443,11.82208138981998,586.6635659877795,20,2.0,1.0,1110100.0,412373.5,0.371474191514278,0.09464631657338073,True,900000.0,8.434566277812811,11.657530627871363,18.514901585442754,63.37204259827562,1.1509106173549508,True,False,True,True,False,unchecked,unchecked
BDL,SOLARINDS,optics-15,12.015591127030993,-0.22224897346102984,9.368833383933156,0.17792024755970554,0.01729106628242075,False,0.40588045331429806,11.877575259991014,794.3200119636847,20,2.0,1.0,1110100.0,1020000.0,-0.9188361408882083,3.1342649488067096,True,4200000.0,11.800842266462482,16.310107197549772,25.904287901990813,61.32729955511644,0.1426626744409008,True,False,True,False,False,unchecked,unchecked
BEL,COCHINSHIP,optics-15,11.519847361915874,-0.07707344795116383,6.595601395028828,0.06108277292258606,0.007204610951008645,False,0.39883541796570543,9.383688353899569,477.60858204993065,32,2.0,1.0,1173915.0,614000.0,-0.5230361653100949,5.786204318269336,True,7400000.0,9.366672416657083,12.945807405135806,20.56098823168628,46.457745772539674,-0.19656184932817558,True,False,True,False,False,unchecked,unchecked
BEL,HAL,optics-15,5.754823862411936,-0.18935227580632277,7.618252550289894,0.02631120580210366,0.003170028818443804,False,0.38186163822922425,7.784498672232484,464.11733490388167,37,2.0,1.0,1173915.0,729165.0,-0.6211395203230217,2.280338288399282,True,3300000.0,9.970008049986584,13.779685922745685,21.885383524360794,42.413452283097435,0.21424136118894463,True,False,True,False,False,unchecked,unchecked
BEL,IRFC,optics-15,18.65527995756796,-0.05979812766919345,6.308260218826148,0.0768189966808554,0.009510086455331412,False,0.39336906327573323,9.911740784900198,477.00179032760497,36,2.0,1.0,1173915.0,455157.50000000006,-0.3877261130490709,5.48391727570457,True,6800000.0,8.534515595251786,11.795671960917101,18.734302526162455,50.92282348504535,-0.4737151910352149,True,False,True,False,False,unchecked,unchecked
BEL,MAZDOCK,optics-15,9.11328036558437,-0.11157819546991618,6.903145612768897,0.046844763035343864,0.006051873198847263,False,0.3880305443918497,8.756936233830173,476.2684819929882,34,2.0,1.0,1173915.0,574875.0,-0.4897075171541381,3.3889177010948655,True,4500000.0,9.16170123049795,12.662513895810173,20.111051481580866,47.36385687532935,-0.1457994480162567,True,False,True,False,False,unchecked,unchecked
BEL,RVNL,optics-15,14.905575986551545,-0.0020845933532815247,6.040396653064031,0.08566481868877818,0.010086455331412104,False,0.39543498137084676,10.555774632968854,483.25049381266695,28,2.0,1.0,1173915.0,412373.5,-0.351280544162056,167.51274307724202,True,inf,8.310375346596643,11.485884625377475,18.242287346187755,52.981348735706206,-0.17440296194287702,True,False,True,False,False,unchecked,unchecked
BEL,SOLARINDS,optics-15,8.888096104535899,0.0001994801253661557,6.026650268168785,0.08593584624068251,0.01037463976945245,False,0.3952339393662869,10.575630247870217,483.26088796921186,28,2.0,1.0,1173915.0,1020000.0,0.8688874407431543,4354.759447956372,True,inf,11.4936577605704,15.885543246316812,25.229980450032585,38.30846313387355,-0.1624208805487018,True,False,True,False,False,unchecked,unchecked
BOSCHLTD,EICHERMOT,optics-11,18.320978288153462,0.47049483280138393,6.357302461624318,0.8727536989965399,0.08501440922190202,False,0.5134360549503983,57.434342694660586,841.0587130583227,22,1.0,1.0,1216000.0,805900.0,0.6627467105263158,0.4086163424585147,True,3100000.0,10.225892269736843,14.133347039473685,22.447080592105262,74.93702440344308,2.4137699267754793,True,False,False,False,False,unchecked,unchecked
BOSCHLTD,HEROMOTOCO,optics-11,6.809367500935481,-0.04259793279629372,10.902757612519613,0.9710157200365984,0.09481268011527377,False,0.5288984567653661,135.52408043506125,884.247519947977,12,1.0,1.0,1216000.0,840000.0,-0.6907894736842105,15.216502265206481,True,17700000.0,10.398355263157896,14.371710526315791,22.825657894736842,77.47838191790892,2.907401934665947,True,False,False,False,False,unchecked,unchecked
BOSCHLTD,M&M,optics-11,2.932619203602226,0.18585038992572842,9.026723323225964,0.979977928716839,0.09654178674351585,False,0.5269464330172254,295.26459441557364,874.5592993268496,14,1.0,1.0,1216000.0,666800.0,0.5483552631578947,1.950519842207673,True,3100000.0,9.522384868421053,13.161019736842105,20.90279605263158,83.6786903651338,2.9486073728425928,True,False,False,False,False,unchecked,unchecked
BOSCHLTD,MARUTI,optics-11,4.436981802011497,0.12915796634448665,9.298034114998929,0.9814048099276201,0.09711815561959655,False,0.5230837573421405,365.9910411784956,877.1747455954512,22,1.0,1.0,1216000.0,668800.0,0.55,3.2583513473187935,True,4300000.0,9.5325,13.175,20.925,83.83988010470262,3.0439715023072718,True,False,False,False,False,unchecked,unchecked
BOSCHLTD,TMPV,optics-11,4.023283728461015,0.22875363586866154,9.18711269305044,0.9904437960603423,0.09971181556195965,False,0.5234542756341388,inf,861.0592471117061,18,1.0,1.0,1216000.0,511039.99999999994,0.4202631578947368,0.8371867896168875,True,1900000.0,8.73461842105263,12.072236842105262,19.173552631578946,89.81739207720292,3.321417655987784,True,False,False,False,False,unchecked,unchecked
BOSCHLTD,TVSMOTOR,optics-11,6.609199808717438,0.5842119574613287,5.748620208248112,0.8348317471645426,0.08184438040345822,False,0.5111771916941464,44.25104580296789,792.6450499725661,20,1.0,1.0,1216000.0,753235.0,0.619436677631579,0.0602944183534311,True,100000.0,9.95953556743421,13.765211759868421,21.862395148026316,72.51218767255007,1.9589776088171191,True,False,False,True,False,unchecked,unchecked
BOSCHLTD,UNOMINDA,optics-11,1.9227805662459996,0.49870878151117387,7.0050781135497155,0.9671161735594292,0.09308357348703171,False,0.4765471755244856,117.52726768861768,804.8244672361493,18,1.0,1.0,1216000.0,701800.0,0.5771381578947369,0.15726487940699266,True,5500000.0,9.699399671052634,13.405674342105264,21.29136513157895,75.60102062619262,2.7411542562708213,True,False,True,False,False,unchecked,unchecked
BPCL,GAIL,optics-16,4.156337454338756,0.5665118873685955,2.8943088043452665,0.7830524700623029,0.07579250720461095,False,0.5092666341147681,41.05724444444923,839.862098973591,8,2.0,1.0,1261037.5,607405.0,0.4816708464260579,0.14976038955972795,True,2900000.0,9.112275705520258,12.594202194621493,20.00255642675178,83.97547603968702,-0.49387907564404393,True,False,False,False,False,unchecked,unchecked
BPCL,HINDPETRO,optics-16,0.5492951961943019,0.8217007999305137,0.8496863990539018,0.6008883124934092,0.054466858789625365,False,0.4926877072409205,22.70777868293193,378.7515597353942,18,2.0,1.0,1261037.5,737100.0,0.5845186998800591,0.28864776579323237,True,1600000.0,9.744790004262365,13.468408948980503,21.3910024483808,35.412230974155584,1.8638087076824488,True,False,True,False,False,unchecked,unchecked
BPCL,IOC,optics-16,0.6558772154599516,1.006113939642078,0.7481268958969042,0.6807550134396173,0.06426512968299712,False,0.45845269647826514,16.905442460082938,325.4613791128853,24,2.0,2.0,1261037.5,1336725.0,1.0600200231951864,0.05357850779036554,True,100000.0,12.669123142650397,17.510170197159084,27.810270313135018,23.405840752232262,2.0602163337423387,True,False,True,True,False,unchecked,unchecked
BPCL,PETRONET,optics-16,1.9615795262510094,1.2911339612912922,-1.4701807738082115,0.9187577905863651,0.08962536023054755,False,0.30720575094216934,22.13710841980464,745.0337442071815,14,2.0,2.0,1261037.5,1109600.0,0.879910391245304,0.31849798888003394,True,1100000.0,11.56144890615862,15.979238325585083,25.378790281811604,58.71310144685108,-1.252216507004932,True,False,True,False,False,unchecked,unchecked
BRITANNIA,NESTLEIND,optics-9,6.620279991637332,-0.4098745837431945,11.595026605130675,0.05954639461708279,0.0069164265129683005,False,0.4634546351491255,9.168493740524443,424.8600484552031,24,2.0,1.0,1327125.0,727300.0,-0.5480267495526043,0.33705960625255205,True,3000000.0,9.520364509748518,13.158227371197137,20.898361118960157,40.659652308309134,-0.7780445724369496,True,False,True,False,False,unchecked,unchecked
BRITANNIA,TATACONSUM,optics-9,0.8947547391747291,0.36023710584627094,6.119243001563025,0.6027251600729616,0.05475504322766571,False,0.36736361295058445,24.288673577716246,513.9273826767233,18,2.0,1.0,1327125.0,572385.0,0.4312969765470472,0.19725860980878693,True,3000000.0,8.80247640576434,12.1660243006499,19.322509183385137,53.194683754492345,-0.8752077849079513,True,False,True,False,False,unchecked,unchecked
CAMS,CDSL,optics-0,3.071069018086315,0.2882163664965095,4.535579216684686,0.41629657734998454,0.03659942363112392,False,0.4410954863781442,17.64348737931916,535.9700536119097,20,2.0,1.0,1257300.0,671982.5,0.534464726000159,0.8543871484363875,True,2300000.0,9.436958064900978,13.042950171001351,20.715273801002144,51.74636442275565,0.17635149667514982,True,False,True,False,False,unchecked,unchecked
CAMS,KFINTECH,optics-0,3.995757393136662,0.09032045735821694,5.998428877570009,0.3860032548998653,0.03400576368876081,False,0.4390640054266759,16.92206634781661,601.9619019087297,26,2.0,1.0,1257300.0,546221.25,0.43443987115246957,3.8099830742602663,True,5400000.0,8.821805207587689,12.192738904795991,19.36493826055834,62.17028877750459,0.3030698385456557,True,False,True,False,False,unchecked,unchecked
CANBK,FEDERALBNK,optics-14,21.172626906982632,0.1729892488629683,3.9354133330115144,0.6238300664628669,0.05677233429394814,False,0.5131879993100898,31.30885648205148,908.3718712011873,12,1.0,1.0,866362.5,860625.0,0.9933774834437086,4.742423242906862,True,4800000.0,12.259271523178809,16.94370860927152,26.910596026490065,67.51034947773067,-1.0034030669714211,True,False,False,False,False,unchecked,unchecked
CANBK,INDIANB,optics-14,2.0239955187234737,0.7696682028313747,-0.27305750700906367,0.7630062458701306,0.07348703170028818,False,0.5187452330735153,34.862440612331554,671.4353717446108,12,1.0,1.0,866362.5,882400.0,1.0185113044481957,0.3233121762097006,True,3100000.0,12.413844522356404,17.157346087809664,27.249902610050643,49.279836434862254,-1.3786603643544815,True,False,False,False,False,unchecked,unchecked
CANBK,INDUSTOWER,optics-14,3.4909611410931403,0.8406670064054081,-0.1389334073238496,0.2630995142942119,0.024783861671469738,False,0.44760780210504064,14.882035908509181,638.983076621323,15,1.0,1.0,866362.5,646000.0,0.7456463085602159,0.11303012622261632,True,4300000.0,10.735724797645329,14.837993622761834,23.566225165562916,54.22871691432894,-0.0001826326764417565,True,False,True,False,False,unchecked,unchecked
CANBK,LICHSGFIN,optics-14,22.76072648064592,-0.6807313314607345,9.188345679876209,0.32759434001386334,0.029971181556195967,False,0.47424399266350586,15.61757030697942,904.2813574212802,16,1.0,1.0,866362.5,535000.0,-0.6175244196280425,0.09285148032934028,True,100000.0,9.947775180712462,13.748957566838362,21.836579664978572,82.82261886201559,-0.6308762741247574,True,False,True,True,False,unchecked,unchecked
CANBK,MAHABANK,optics-14,13.669290080269128,0.0287880027015827,4.782882267236317,0.41625354877706555,0.03631123919308358,False,0.5207250451908653,26.2583867019344,957.2620149484062,16,1.0,1.0,866362.5,544700.0,0.6287206567689622,20.839676176437084,True,16900000.0,10.016632039129119,13.84412558253618,21.98772886638099,87.07238667219059,-0.5808973973077947,True,False,False,False,False,unchecked,unchecked
CANBK,PNB,optics-14,6.419694695346836,1.0987229062633381,-0.3020407859204887,0.4553192326151139,0.04092219020172911,False,0.4588578763669881,31.69663477741085,594.8023477286716,12,1.0,1.0,866362.5,923200.0,1.0656047555151567,0.03014240493157046,True,100000.0,12.703469246418214,17.55764042187883,27.885664199454617,42.660081070638775,-1.0151092882299144,True,False,True,True,False,unchecked,unchecked
CANBK,RBLBANK,optics-14,7.600409016700894,0.11824431734940956,4.222306476777295,0.5314351651959857,0.04726224783861672,False,0.5184422139094872,29.433887222640497,950.3926784188266,12,1.0,1.0,866362.5,1212850.0,1.3999336305530306,10.839331157168889,True,9100000.0,14.759591827901138,20.39943585970076,32.39910401246591,58.66783711383824,-0.742406505038818,True,False,False,False,False,unchecked,unchecked
CANBK,SBIN,optics-14,2.5162435363258346,0.6524971634898211,0.3987591226818158,0.729839173833347,0.07002881844380404,False,0.48169143741682846,34.792122802040865,728.3557704060706,18,1.0,1.0,866362.5,785625.0,0.9068086395706185,0.389751082932891,True,2200000.0,11.726873133359305,16.20787343635026,25.74191663420335,56.58908625617274,-1.1199055588721512,True,False,True,False,False,unchecked,unchecked
CANBK,UNIONBANK,optics-14,3.8307341473671426,0.46888466193864115,2.516680998416073,0.7973992580614642,0.07694524495677234,False,0.5537274115652782,48.855421103688236,801.0198430373429,10,1.0,1.0,866362.5,823050.0,0.9500064926632905,1.026098462541753,True,1300000.0,11.992539929879237,16.575055187637968,26.325087650954423,60.85600577351177,-1.400621402267631,True,False,False,False,False,unchecked,unchecked
CDSL,KFINTECH,optics-0,0.49970760428767796,0.8916937075153114,1.0907505939103488,0.23303683579033102,0.021037463976945246,False,0.35700167733675886,12.818807174766992,504.9247844256443,30,1.0,2.0,671982.5,1092442.5,1.625700818101662,0.823160581262425,True,100000.0,16.148060031325222,22.31845695386413,35.446961044372436,28.489030909791136,0.9923280873098664,True,False,True,False,False,unchecked,unchecked
CIPLA,DRREDDY,optics-6,3.3137027582170044,0.03989476169797631,6.977222762873457,0.6660297864271738,0.06311239193083575,False,0.505327861050549,35.92776971164472,748.2780386925547,8,2.0,1.0,1209975.0,736250.0,0.6084836463563297,14.252219099912443,True,16700000.0,9.892174425091428,13.672110994028802,21.714529225810452,68.91957278107895,0.020479147728790666,True,False,False,False,False,unchecked,unchecked
CIPLA,GLENMARK,optics-6,12.354912368228536,-0.4728392544702274,10.876546619988705,0.421362426252536,0.037463976945244955,False,0.4742018339098657,18.43779048817963,658.5450129617876,12,2.0,1.0,1209975.0,943125.0,-0.7794582532696956,0.6484635019209782,True,1600000.0,10.943668257608628,15.125395152792413,24.022686419140893,54.82692497181077,1.3161124304294463,True,False,True,False,False,unchecked,unchecked
CIPLA,LUPIN,optics-6,15.689432576728699,-0.6342365665609002,12.138993212341182,0.5464604231098488,0.04870317002881845,False,0.4041268242992801,14.250128430429623,575.1258554888243,16,2.0,1.0,1209975.0,922887.5,-0.7627327010888655,0.2025996943454803,True,2800000.0,10.840806111696523,14.983227959255355,23.796891464699684,48.336217051035106,-0.08988911038074855,True,False,True,False,False,unchecked,unchecked
CIPLA,SUNPHARMA,optics-6,10.012661198342236,-0.1440636436978629,8.338424426802652,0.6373568737529656,0.05792507204610951,False,0.5123951294830709,32.91244376251209,743.4364425387055,8,2.0,1.0,1209975.0,672000.0,-0.5553833756895804,2.855125147704557,True,4600000.0,9.56560776049092,13.220758693361432,20.997675571809335,70.81130861330331,0.15579298636429106,True,False,False,False,False,unchecked,unchecked
CIPLA,ZYDUSLIFE,optics-6,4.568401703561838,0.30242087459291855,5.178293404501791,0.6691080189506802,0.06368876080691643,False,0.4862133904645329,36.343898300082124,700.1463954602893,3,2.0,1.0,1209975.0,1071900.0,0.8858860720262816,1.9293152240854783,True,3400000.0,11.598199342961632,16.030031612223393,25.459461972354802,55.000879140379666,-0.8473946428867996,True,False,True,False,False,unchecked,unchecked
COCHINSHIP,HAL,optics-15,2.3307025977953204,0.8865226097840625,-0.0856330657251557,0.898848989606847,0.08731988472622479,False,0.33131705757414204,26.11314235882276,718.8544689543152,13,2.0,1.0,1228000.0,729165.0,0.5937825732899022,0.3302115854275452,True,2200000.0,9.801762825732899,13.54715187296417,21.51606473941368,66.82025525211394,-1.4438174779071342,True,False,True,False,False,unchecked,unchecked
COCHINSHIP,IRFC,optics-15,1.9055877060997177,0.5818231949725572,4.635709837637256,0.29570737128277647,0.026801152737752163,False,0.4661869223199808,13.580412044384472,587.616916886914,21,2.0,1.0,1228000.0,455157.50000000006,0.3706494299674268,0.3629517812796907,True,2200000.0,8.429493994299674,11.650520154723127,18.503767304560263,63.51321946662132,2.098593350139103,True,False,True,False,False,unchecked,unchecked
COCHINSHIP,MAZDOCK,optics-15,0.46731318265242877,1.1699568952145423,-1.8133574139489022,0.11086323263664566,0.013544668587896254,False,0.4309545774069538,10.431566499877052,420.2512305443153,19,2.0,2.0,1228000.0,1149750.0,0.9362785016286646,0.19973248120652057,True,1800000.0,11.908112785016288,16.45836726384365,26.13975977198697,32.15417694807458,-0.7046621190979332,True,False,True,False,False,unchecked,unchecked
COCHINSHIP,RVNL,optics-15,2.0564806331379573,0.4595059149597118,4.749421578005383,0.38428403810170897,0.03342939481268012,False,0.419102566470784,16.251450742302506,649.6368499445251,20,2.0,1.0,1228000.0,412373.5,0.3358090390879479,0.2691953941063181,True,1600000.0,8.21522559039088,11.354376832247556,18.033422027687294,72.04809480387213,1.857872086289207,True,False,True,False,False,unchecked,unchecked
COCHINSHIP,SOLARINDS,optics-15,11.996286427588611,-0.19931078657583381,9.271984542097337,0.36203030123432955,0.03256484149855908,False,0.48494905039599145,17.226040389302433,910.6396389166407,20,2.0,1.0,1228000.0,1020000.0,-0.8306188925081434,3.1674557949331525,True,4700000.0,11.258306188925081,15.560260586319217,24.713355048859935,73.69615635887932,0.4625308111635528,True,False,True,False,False,unchecked,unchecked
COFORGE,HCLTECH,optics-18,4.838601336845013,0.6673067731609309,2.5044849403262455,0.9598836685761986,0.09250720461095101,False,0.5870279421203495,191.77037399861584,1348.612904520402,2,1.0,1.0,956935.0,526440.0,0.5501314091343718,0.17559444732070864,True,2800000.0,9.533308166176386,13.17611697764216,20.926774023314017,128.88875304124227,2.3046500992067305,True,False,False,False,False,unchecked,unchecked
COFORGE,INFY,optics-18,4.095597314672855,0.5645924313136894,3.271706430116594,0.9854734358787828,0.09884726224783863,False,0.5879719527881259,7106.216028161195,1375.1832640445516,12,1.0,1.0,956935.0,457600.0,0.4781933987156912,0.1530290308656203,True,3700000.0,9.090889402101501,12.564643889083376,19.95561088266183,137.8242211807569,2.6210909556129858,True,False,False,False,False,unchecked,unchecked
COFORGE,KPITTECH,optics-18,9.833472029119926,0.3457876965248362,4.992076294429814,0.9852786831762007,0.09855907780979828,False,0.5141133313375882,inf,1274.9031998771484,14,1.0,1.0,956935.0,472285.0,0.49353926860236064,0.42728984739025316,True,2400000.0,9.185266501904518,12.695083783120065,20.162780126131867,126.4610526823944,3.1276471499083462,True,False,False,False,False,unchecked,unchecked
COFORGE,LTM,optics-18,4.017022823133598,0.669843936859723,1.647094930187695,0.9800623561289704,0.0968299711815562,False,0.5388138774479845,373.0837270226506,1174.4219705633545,4,1.0,1.0,956935.0,701250.0,0.7328083934645508,0.09399869602464389,True,100000.0,10.656771619806989,14.728871344448683,23.392913311771437,100.40835486466572,2.5621980516044363,True,False,False,True,False,unchecked,unchecked
COFORGE,MPHASIS,optics-18,1.4024144483088385,1.2318069294317595,-2.310589139382623,0.970821384961053,0.09452449567723344,False,0.4498122784829198,129.1057679395642,860.9797001862235,9,1.0,2.0,956935.0,1350250.0,1.4110153772199783,0.14548420170918244,True,2500000.0,14.827744569902867,20.493630706369814,32.548707592469704,52.90407907842185,3.5241887276208272,True,False,True,False,False,unchecked,unchecked
COFORGE,NAUKRI,optics-18,1.0440530893238409,1.0026727803402011,0.24423395286271352,0.2922499743968402,0.02622478386167147,False,0.4396552586845467,13.77904601768508,732.8477326534513,19,1.0,1.0,956935.0,744700.0,0.7782137762752956,0.22386067365740978,True,2600000.0,10.936014724093068,15.114817098340012,24.005885979716492,61.055670536189574,1.8264449408857424,True,False,True,False,False,unchecked,unchecked
COFORGE,OFSS,optics-18,12.914741740656225,0.30075353018333423,4.61360742688587,0.8270515256643186,0.08040345821325649,False,0.5564533741493654,62.61031663206988,1531.155937780187,2,1.0,1.0,956935.0,1219000.0,1.2738587260367737,3.2355570199300776,True,3400000.0,13.984231165126157,19.327799171312574,30.697092801496442,99.75901937564232,1.0774059918882573,True,False,False,False,False,unchecked,unchecked
COFORGE,PERSISTENT,optics-18,5.851976333916258,1.1487298796950496,-2.539004375692673,0.8232103025021416,0.07953890489913545,False,0.49714636024983005,46.23665110382204,1074.4958335492272,6,1.0,2.0,956935.0,1468750.0,1.5348482394311003,0.3361263309687327,True,1600000.0,15.589316672501266,21.54621003516435,34.22045123231985,62.79846085339802,1.6563346617322299,True,False,True,False,False,unchecked,unchecked
COFORGE,TATAELXSI,optics-18,4.707966264526099,0.5013108905281325,3.104755078285403,0.985787350505126,0.09913544668587895,False,0.5988765326271601,inf,1418.9185313343094,16,1.0,1.0,956935.0,460625.0,0.4813545329620089,0.03980834636386912,True,100000.0,9.110330377716355,12.591513530177075,19.99828619498712,141.90401292386576,2.7249125832743113,True,False,False,True,False,unchecked,unchecked
COFORGE,TCS,optics-18,3.271376749981571,0.6354652150335754,2.320913385877777,0.9780316577506128,0.09538904899135447,False,0.5769554601561767,inf,1295.8865891870387,10,1.0,1.0,956935.0,526950.0,0.550664360693255,0.1334468863662977,True,3800000.0,9.53658581826352,13.180647065892668,20.933968869358942,123.80706184041654,2.7536369541990107,True,False,False,False,False,unchecked,unchecked
COFORGE,TECHM,optics-18,5.874727652339702,1.4856942206895352,-3.5235602300337296,0.7983837025661413,0.07752161383285303,False,0.5142420101180476,55.56091083781501,1296.8722230588078,12,1.0,2.0,956935.0,1969080.0,2.0576946187567597,0.385005467546175,True,1700000.0,18.804821905354075,25.99040425943246,41.27887735321626,62.83466538887165,1.0266364827294856,True,False,False,False,False,unchecked,unchecked
COFORGE,WIPRO,optics-18,3.2960381421090474,0.6578007181570628,3.801245426356851,0.9847127624317626,0.09798270893371758,False,0.5568577136545859,1695.8048716264195,1309.115828206014,12,1.0,1.0,956935.0,542850.0,0.5672799092937347,0.13761129528246338,True,3800000.0,9.638771442156468,13.321879228996744,21.15827877546542,123.74502123717456,2.960297066971078,True,False,False,False,False,unchecked,unchecked
COLPAL,DABUR,optics-10,0.6491796692294636,0.5191144982636421,4.460425574981758,0.1777970585379408,0.017002881844380403,False,0.42235720410081085,11.66890986704484,366.1592696874699,19,2.0,1.0,1004795.0,482500.0,0.4801974532118492,0.07496813358510386,True,800000.0,9.103214337252872,12.581678352300719,19.982665618359963,36.64769022117297,-1.141887858376648,True,False,True,True,False,unchecked,unchecked
COLPAL,GODREJCP,optics-10,0.8881742638051565,0.5399080994589454,3.871471503161798,0.2049955042769505,0.018731988472622477,False,0.45178794907032754,12.090576583039317,419.71100420890474,19,2.0,1.0,1004795.0,457500.0,0.45531675615424044,0.15667730006176217,True,2300000.0,8.950198050348579,12.370192427311043,19.646776208082244,42.725686877447615,-1.017081154150467,True,False,True,False,False,unchecked,unchecked
COLPAL,MARICO,optics-10,7.075749391263242,-0.3766624525272556,10.163612286091931,0.26138562960755174,0.024495677233429394,False,0.5312317974754979,13.053697674603718,538.5159157356902,35,2.0,1.0,1004795.0,995580.0,-0.9908289750645654,1.630548833355956,True,2300000.0,12.243598196647078,16.922046288048804,26.876191163371633,40.073826864991915,-2.259666619256317,True,False,False,False,False,unchecked,unchecked
CUMMINSIND,SIEMENS,optics-2,7.7694229619099,1.2540274182546374,-1.7217870439868888,0.35083712393666333,0.0314121037463977,False,0.45179063594279734,15.795006309881868,692.1538628317801,14,1.0,2.0,1038600.0,1431150.0,1.3779607163489314,0.09882822041226584,True,900000.0,14.624458405545928,20.212666088965914,32.10246967071057,43.121533634733574,-2.1918247572684515,True,False,True,True,False,unchecked,unchecked
DABUR,GODREJCP,optics-10,0.6494531529036502,1.0277775474072537,-1.0483871949771335,0.0861221941418619,0.010662824207492795,False,0.4033146804228671,9.341560212748776,413.81190026631833,29,2.0,2.0,965000.0,915000.0,0.9481865284974094,0.07743992764837723,True,100000.0,11.981347150259069,16.55958549222798,26.300518134715027,31.467965623088823,-0.09938059588333858,True,False,True,True,False,unchecked,unchecked
DABUR,MARICO,optics-10,9.16337688215499,-0.9674143368430933,12.593999320399533,0.26802603218709775,0.02507204610951009,False,0.5491533937416802,13.063711151356824,638.6264092567943,33,2.0,1.0,965000.0,995580.0,-1.0316891191709845,0.06643976616848095,True,800000.0,12.494888082901554,17.269357512953366,27.427803108808288,46.56781344997354,-2.132176086551377,True,False,False,True,False,unchecked,unchecked
DLF,GODREJPROP,optics-13,1.7891278441028715,0.8737157139933235,-0.11208916585221904,0.4655300901659058,0.04178674351585014,False,0.5170084609745929,22.455090918704173,550.4439383402495,21,2.0,1.0,1291620.0,659457.5,0.5105661881977671,0.41563808453871004,True,3000000.0,9.289982057416267,12.83981259968102,20.392643540669855,53.98455940667794,-0.3590026539811952,True,False,False,False,False,unchecked,unchecked
DLF,LODHA,optics-13,1.13449022966443,0.6521238873085651,1.9563431197981704,0.5462961860105983,0.0484149855907781,False,0.38226481970330795,27.760186520805572,521.5007258483922,11,2.0,1.0,1291620.0,796250.0,0.6164738855081215,0.05466752942846125,True,1000000.0,9.941314395874947,13.740028026819033,21.822397454359642,47.79499841289965,-1.8633922990135285,True,False,True,True,False,unchecked,unchecked
DLF,OBEROIRLTY,optics-13,6.895063338820917,0.5909694148685362,2.106084645298337,0.7568507053223068,0.07262247838616716,False,0.4444926561211037,55.28420483318107,1017.6243214346099,5,2.0,1.0,1291620.0,654500.0,0.5067279850110714,0.14254786751731413,True,3000000.0,9.26637710781809,12.807187872594108,20.340827797649467,100.05731640402598,-0.3583696927853228,True,False,True,False,False,unchecked,unchecked
DLF,PHOENIXLTD,optics-13,19.754818138114725,-0.034891710305582364,6.747486335291781,0.6889114758881605,0.06628242074927954,False,0.4822545749578352,37.505086457147264,1099.9571385871755,14,2.0,1.0,1291620.0,670950.0,-0.519463929019371,13.887889543673683,True,17800000.0,9.344703163469132,12.915443396664653,20.51276304176151,107.24612148522317,0.3458487351364966,True,False,True,False,False,unchecked,unchecked
DLF,PRESTIGE,optics-13,1.7632371998840162,0.9711726369869219,-0.6297669579674192,0.6383101634020794,0.0585014409221902,False,0.33326757736436374,20.075533591935816,527.1564059694432,29,2.0,1.0,1291620.0,714600.0,0.5532586983787802,0.43031889768303827,True,3000000.0,9.5525409950295,13.202698936219631,20.96899242811353,50.27961241119764,-0.11762604619701429,True,False,True,False,False,unchecked,unchecked
DRREDDY,GLENMARK,optics-6,4.0016117520799925,0.09158174516071657,6.436686695487212,0.12848671385739457,0.01440922190201729,False,0.41996938217390534,11.133794629876324,385.9085461512719,25,1.0,1.0,736250.0,943125.0,1.2809847198641766,12.987336860814127,True,9300000.0,14.028056027164686,19.3883701188455,30.79329371816638,25.06445394788065,-2.1300634192051584,True,False,True,False,False,unchecked,unchecked
DRREDDY,LUPIN,optics-6,5.832286757826694,0.022714137162286086,6.962116735711637,0.10968282834591941,0.01325648414985591,False,0.42466470999100053,10.521710117959476,391.632535148981,21,1.0,1.0,736250.0,922887.5,1.2534974533106962,54.18578338920873,True,37200000.0,13.859009337860781,19.154728353140914,30.422215619694395,25.74648342808078,-1.6612518442868467,True,False,True,False,False,unchecked,unchecked
DRREDDY,SUNPHARMA,optics-6,3.3946401539835978,-0.0455156276486074,7.476885019303641,0.09457849399764151,0.011527377521613832,False,0.4271872146651843,10.025252517886926,391.0561733316324,23,1.0,1.0,736250.0,672000.0,-0.9127334465195246,19.053188183321705,True,13700000.0,11.763310696095077,16.25823429541596,25.821901528013584,30.28872005474768,-1.5652443773278126,True,False,True,False,False,unchecked,unchecked
DRREDDY,ZYDUSLIFE,optics-6,2.3869531599902905,-0.009679190369058968,7.203468904224436,0.10208395483818394,0.012391930835734869,False,0.42397301343314076,10.255476395068834,391.91657196698435,23,1.0,1.0,736250.0,1071900.0,-1.4558913412563668,149.41457867285564,True,inf,15.103731748726656,20.875076400679117,33.15453310696095,23.64180914281671,-1.6162165277702631,True,False,True,False,False,unchecked,unchecked
EICHERMOT,HEROMOTOCO,optics-11,6.623642534749845,0.1542819225190806,7.5569233980238595,0.09091932508687295,0.011239193083573488,False,0.4641248410985288,13.026451425016907,574.1311721612594,21,1.0,1.0,805900.0,840000.0,1.0423129420523638,5.755898066563549,True,5300000.0,12.56022459362204,17.359660007445093,27.571224717706915,41.647128703175696,1.847798168098965,True,False,True,False,False,unchecked,unchecked
EICHERMOT,M&M,optics-11,14.828759990533001,0.02074776076379349,8.714320643556928,0.06484644078837061,0.008069164265129684,False,0.46231813759863427,11.859663258836367,583.1436299341532,25,1.0,1.0,805900.0,666800.0,0.8273979401910907,38.87890305902151,True,29500000.0,11.238497332175209,15.532882491624271,24.669872192579724,47.27577227656273,1.9192488133591654,True,False,True,False,False,unchecked,unchecked
EICHERMOT,MARUTI,optics-11,13.022012519012307,-0.046697706127598174,9.330713695565628,0.05123500111668266,0.006340057636887608,False,0.46854025677867794,11.093100676832092,581.8455701490386,23,1.0,1.0,805900.0,668800.0,-0.8298796376721678,16.771314835135165,True,13300000.0,11.253759771683832,15.553976920213426,24.703375108574264,47.10656479867697,1.8478462886769655,True,False,True,False,False,unchecked,unchecked
EICHERMOT,TMPV,optics-11,30.505941791729768,-0.2139698838097094,10.145208334735953,0.028595133719467362,0.003746397694524496,False,0.48667567488056884,8.885651600111819,551.5068637618922,39,1.0,1.0,805900.0,511039.99999999994,-0.6341233403648094,1.963610247733539,True,2100000.0,10.049858543243579,13.89004839310088,22.06066509492493,49.99911483981204,1.508264578003169,True,False,True,False,False,unchecked,unchecked
EICHERMOT,TVSMOTOR,optics-11,3.9256750489617276,0.6674243826600377,3.4128658798845097,0.007087429785045441,0.0011527377521613833,False,0.41325566904774497,7.864779732012581,372.4741087827144,20,1.0,1.0,805900.0,753235.0,0.9346507010795384,0.40038441112154627,True,2100000.0,11.898101811639162,16.444530959176078,26.11778446457377,28.522642055488223,-0.07764942363309003,True,False,True,False,False,unchecked,unchecked
EICHERMOT,UNOMINDA,optics-11,21.359397790183465,-0.03135643499198044,9.10493326309036,0.06374993551197751,0.0077809798270893375,False,0.4648759471461978,11.458965016364314,582.8768534206176,23,1.0,1.0,805900.0,701800.0,-0.8708276461099392,26.771895827209235,True,20600000.0,11.505590023576126,15.902034991934482,25.25617322248418,46.157178942826896,1.9533557321929393,True,False,True,False,False,unchecked,unchecked
ETERNAL,INDHOTEL,optics-7,0.9961954433834874,1.4760764998282367,-4.025164343782503,0.2346397442635601,0.021902017291066285,False,0.4360710096895504,12.352122318991634,618.0365781311729,25,1.0,2.0,795400.0,1412800.0,1.7762132260497863,0.20333412682640423,True,1200000.0,17.073711340206188,23.597812421423182,37.47887855167212,32.980526740099016,2.181877089756772,True,False,True,False,False,unchecked,unchecked
ETERNAL,JUBLFOOD,optics-7,2.4119894416161,0.6083621737538312,1.8465632066436388,0.8136162096824222,0.07867435158501442,False,0.47336864874083945,34.515261091455876,838.7718364749115,26,1.0,1.0,795400.0,613062.5,0.7707599949710837,0.2669426670879204,True,2800000.0,10.890173969072166,15.051459957254211,23.90525993210963,70.17466773898327,2.1155935572995594,True,False,True,False,False,unchecked,unchecked
ETERNAL,NYKAA,optics-7,28.784415534217814,0.08176816492233571,5.186488519100258,0.8299692398827436,0.08097982708933718,False,0.4989342569160165,46.376224770906504,1197.1006905817464,18,1.0,1.0,795400.0,1048906.25,1.3187154262006537,15.12749200686091,True,11600000.0,14.26009987113402,19.709081122705555,31.302658253708824,76.48556112258682,1.0939414301524704,True,False,True,False,False,unchecked,unchecked
FEDERALBNK,INDIANB,optics-14,15.123250807489033,1.2743284857059292,-2.971744227722252,0.9270079783589581,0.09077809798270893,False,0.49550449919863204,73.96606984957835,1355.3283335225458,11,1.0,1.0,860625.0,882400.0,1.0253013798111836,0.19541829966768265,True,2500000.0,12.45560348583878,17.21506172839506,27.34156862745098,99.14049570380493,1.252788958159332,True,False,True,False,False,unchecked,unchecked
FEDERALBNK,INDUSTOWER,optics-14,27.482176380824114,1.0772940153756723,-0.862494514162159,0.9840470837242431,0.09769452449567723,False,0.4584850722998323,1361.987770243165,1510.3237046812635,7,1.0,2.0,860625.0,1292000.0,1.5012345679012347,0.39352353811946733,True,1500000.0,15.382592592592594,21.260493827160495,33.766666666666666,89.45648793768589,2.0164664698344663,True,False,True,False,False,unchecked,unchecked
FEDERALBNK,LICHSGFIN,optics-14,64.09487124860453,-1.7862940201058672,16.842135063629676,0.5451439613689092,0.04812680115273775,False,0.43116463963493973,22.439286990503312,1557.287369531141,19,1.0,3.0,860625.0,1605000.0,-1.8649237472766884,0.04401835660075774,True,800000.0,17.619281045751634,24.351851851851855,38.6764705882353,80.52892861453807,1.420473838017216,True,False,True,True,False,unchecked,unchecked
FEDERALBNK,MAHABANK,optics-14,9.31714482899752,0.9501148207871872,1.597012007877326,0.6825487896834758,0.06455331412103747,False,0.5631768927710856,29.903070686276628,898.5644732895543,17,1.0,2.0,860625.0,1089400.0,1.2658242556281771,0.3322855595278673,True,1500000.0,13.93481917211329,19.259506172839505,30.58862745098039,58.75153925945472,0.40994605895139424,True,False,False,False,False,unchecked,unchecked
FEDERALBNK,PNB,optics-14,39.66851101501778,-0.0348673891955755,5.7653403180196445,0.8746897950214187,0.08559077809798271,False,0.5098212969534671,123.58758734413779,1765.8722477891872,7,1.0,1.0,860625.0,923200.0,-1.0727087872185912,29.76538886240191,True,23700000.0,12.747159041394337,17.618024691358023,27.981568627450983,126.21681588335254,1.3681186878781724,True,False,False,False,False,unchecked,unchecked
FEDERALBNK,RBLBANK,optics-14,8.689764399607036,1.4793824876983632,-2.9308881154745645,0.4659111558648141,0.04207492795389049,False,0.36845880328100117,13.912074234198286,857.597494515539,25,1.0,1.0,860625.0,1212850.0,1.4092665214233842,0.04739542806408783,True,100000.0,14.816989106753814,20.478765432098765,32.525098039215685,52.73450634839158,-0.2716294933130335,True,False,True,True,False,unchecked,unchecked
FEDERALBNK,SBIN,optics-14,15.096763635540611,1.4045637115749212,-4.098221794455514,0.9040943859856216,0.08818443804034583,False,0.49679085834184833,77.53392654095455,1149.4103074601642,7,1.0,2.0,860625.0,1571250.0,1.8257080610021788,0.2998399758990165,True,1400000.0,17.378104575163402,24.018518518518523,38.14705882352941,60.26206700639257,1.4966529394139523,True,False,True,False,False,unchecked,unchecked
FEDERALBNK,UNIONBANK,optics-14,14.749694697815068,1.2780894090112764,-0.9077244034186532,0.6498258940099153,0.06051873198847262,False,0.42947158298632726,25.67192332142994,1030.5076090502102,11,1.0,2.0,860625.0,1646100.0,1.9126797385620915,0.4965148174115072,True,2300000.0,17.91298039215686,24.757777777777775,39.321176470588235,52.41489200207514,0.6804516780162252,True,False,True,False,False,unchecked,unchecked
FORTIS,MANKIND,optics-5,3.517270189187035,0.612723662255798,2.088960226660337,0.04607413948320173,0.005763688760806916,False,0.5457256962250071,11.820063716771546,449.4477973730258,32,1.0,1.0,718231.25,595725.0,0.8294334171619516,0.35368269295870985,True,1800000.0,11.251015515546003,15.550184045876588,24.697351131686347,36.39643741359702,-0.4863885236159176,True,False,False,False,False,unchecked,unchecked
GAIL,HINDPETRO,optics-16,4.709049707857806,0.367506466574864,2.914431167054242,0.46365084852892907,0.0414985590778098,False,0.3906286075906436,19.204456312832967,506.8614540020897,12,2.0,1.0,1214810.0,737100.0,0.6067615511890748,0.6510227883717322,True,4000000.0,9.881583539812812,13.657473185107136,21.69128094105251,46.734119149488606,1.1950964631881582,True,False,True,False,False,unchecked,unchecked
GAIL,IOC,optics-16,6.766033949268762,0.127317424778236,4.489027976007273,0.5420707396464631,0.04783861671469741,False,0.4958783581823059,23.005621562572838,618.8849610625782,12,2.0,1.0,1214810.0,668362.5,0.5501786287567603,3.321314460413194,True,4600000.0,9.533598566854076,13.176518344432463,20.927411488216265,59.14586822274296,0.4318735566640642,True,False,True,False,False,unchecked,unchecked
GAIL,PETRONET,optics-16,1.5955112281002246,0.45359978128912254,2.5742659451144467,0.7601594862952787,0.0729106628242075,False,0.5263015492032597,31.17794107015983,600.3860645126293,5,2.0,1.0,1214810.0,554800.0,0.4566969320305233,0.006827937025451643,True,1000000.0,8.958686131987719,12.38192392225945,19.665408582412066,61.06011598961538,-0.11645918802372063,True,False,False,True,False,unchecked,unchecked
GLENMARK,LUPIN,optics-6,0.8919688738191114,0.7951306147754594,1.5301987564688737,0.5576214064805531,0.050720461095100866,False,0.4320618493657819,14.19192784158959,452.96925007292486,20,1.0,1.0,943125.0,922887.5,0.9785420808482439,0.2306683489033797,True,3400000.0,12.168033797216701,16.817607687210074,26.710318091451292,33.91717376948041,4.2100627302845055,True,False,True,False,False,unchecked,unchecked
GLENMARK,SUNPHARMA,optics-6,1.103246306677223,0.7491071287453688,2.0469403153136585,0.6831977535227557,0.06484149855907781,False,0.486681500534564,20.64233636688738,603.186480022269,29,1.0,1.0,943125.0,672000.0,0.7125248508946322,0.048834507705200765,True,100000.0,10.532027833001989,14.556461232604374,23.119085487077534,52.18082526312916,1.9857473758248503,True,False,True,True,False,unchecked,unchecked
GLENMARK,ZYDUSLIFE,optics-6,3.797655399042588,0.3575420345348827,5.181037451318454,0.6754512922455315,0.06397694524495678,False,0.48818624899218555,26.07006635234044,684.0604019668702,25,1.0,1.0,943125.0,1071900.0,1.136540755467197,2.17876122438497,True,2400000.0,13.139725646123262,18.160596421471173,28.843300198807157,47.432880235747795,1.7057237299582426,True,False,True,False,False,unchecked,unchecked
GODREJCP,MARICO,optics-10,10.676618960335546,-0.7083352431167168,11.725183899066078,0.2684133918837316,0.025360230547550433,False,0.5145506745445889,13.010147639302362,619.8922611489953,21,2.0,1.0,915000.0,995580.0,-1.0880655737704918,0.5360884331872846,True,1200000.0,12.841603278688526,17.74855737704918,28.18888524590164,43.98132496134241,-2.347760951886321,True,False,False,False,False,unchecked,unchecked
GODREJPROP,LODHA,optics-13,3.29098671690361,0.6412941733796371,3.097470985226611,0.39973186805107375,0.035734870317002884,False,0.5208744602629001,17.176861959140066,530.3485333090077,14,2.0,1.0,1318915.0,796250.0,0.6037159331723424,0.058597507613793544,True,1000000.0,9.862852989009905,13.63158543196491,21.650165097826623,48.99256249664788,-1.2694174525848796,True,False,False,True,False,unchecked,unchecked
GODREJPROP,OBEROIRLTY,optics-13,2.5640863878448794,1.0439385803400705,-0.18586499160773817,0.7225407251514129,0.06887608069164265,False,0.5064344307536165,34.07536284445619,801.5380273894878,9,2.0,2.0,1318915.0,1309000.0,0.9924824571712354,0.04929037410617862,True,100000.0,12.253767111603098,16.9361008859555,26.89851317181168,59.59719946375774,-0.7922381524653974,True,False,False,True,False,unchecked,unchecked
GODREJPROP,PHOENIXLTD,optics-13,11.237084439525523,0.39841404788252044,4.577423792480887,0.6997567784981115,0.06714697406340057,False,0.5430235157594668,36.038906057206425,1038.9364113143977,4,2.0,1.0,1318915.0,670950.0,0.5087136017104968,0.27684654799245484,True,3000000.0,9.278588650519556,12.824065614539222,20.367633623091706,102.01837194641095,0.2551126288329697,True,False,False,False,False,unchecked,unchecked
GODREJPROP,PRESTIGE,optics-13,0.38554613379355723,1.0013170894816414,0.2152261989396785,0.15927796778337244,0.016138328530259368,False,0.5042989917068127,11.019376766599462,444.37597718307535,43,2.0,1.0,1318915.0,714600.0,0.5418089869324407,0.45890368533216325,True,100000.0,9.48212526963451,13.105376388925746,20.81442132358795,42.69885482518662,0.45419939437702883,True,False,False,False,False,unchecked,unchecked
HAL,IRFC,optics-15,6.898580040294436,0.1585842166402977,7.65364258724903,0.8819815856674487,0.08587896253602306,False,0.4691194697672355,42.55441752995844,680.852949615567,15,1.0,1.0,729165.0,455157.50000000006,0.6242174267826899,2.9361888591885914,True,2600000.0,9.988937174713543,13.805848127652864,21.926935261566314,62.101971068339026,1.9520916173781204,True,False,True,False,False,unchecked,unchecked
HAL,MAZDOCK,optics-15,1.3271525362044114,0.6887927169252136,2.9964517976747893,0.6633413088593518,0.0622478386167147,False,0.4182621392543319,27.500020176803393,500.1455891407527,25,1.0,1.0,729165.0,574875.0,0.7884018020612619,0.1446140220249504,True,3300000.0,10.998671082676761,15.201415317520725,24.143424327827034,41.431205644205065,1.7681484504474458,True,False,True,False,False,unchecked,unchecked
HAL,RVNL,optics-15,6.40659278027069,0.07159279866608216,7.989106179337112,0.8303139388161126,0.08126801152737753,False,0.4647176537589807,35.773790865769975,702.7680807505054,24,1.0,1.0,729165.0,412373.5,0.5655420926676403,6.899427082120368,True,5500000.0,9.62808386990599,13.307107787674944,21.134818251013147,66.50334745289959,1.6459917546912815,True,False,True,False,False,unchecked,unchecked
HAL,SOLARINDS,optics-15,5.578681094794593,0.14454377236262192,7.006655444929097,0.6986693781863973,0.06685878962536024,False,0.4799042975882743,28.3042904096631,679.0513012245896,18,1.0,1.0,729165.0,1020000.0,1.3988603402522062,8.677762780002983,True,6200000.0,14.752991092551067,20.39031289214375,32.38461459340478,41.936660957693185,0.7070862963524651,True,False,True,False,False,unchecked,unchecked
HCLTECH,INFY,optics-18,1.1149003412417182,0.8305047079575721,1.261928019634462,0.6528940686965903,0.061095100864553324,False,0.48926836776309296,21.699312519454562,469.53109135421766,19,2.0,2.0,1052880.0,915200.0,0.8692348605729048,0.04663447689607948,True,100000.0,11.495794392523365,15.888496314869691,25.234670617734213,37.21317376928585,1.5302129709478267,True,False,True,True,False,unchecked,unchecked
HCLTECH,KPITTECH,optics-18,14.049391592201722,0.3522590106052502,4.854369990518809,0.6235584985347418,0.056484149855907786,False,0.6165212545680322,40.930047277983626,860.9140959790914,9,2.0,1.0,1052880.0,472285.0,0.44856488868627004,0.2733950734590079,True,2400000.0,8.908674065420561,12.312801553833296,19.555625997264645,88.04771538374811,0.8038671293941273,True,False,False,False,False,unchecked,unchecked
HCLTECH,LTM,optics-18,0.7102612760478261,0.7639145908140129,0.7538571135895832,0.2707996270257706,0.02564841498559078,False,0.5041401992434688,13.288486637803459,406.60732044899976,20,2.0,1.0,1052880.0,701250.0,0.6660303168452245,0.1281351019418084,True,2400000.0,10.246086448598131,14.161257693184407,22.49140927741053,36.15667790611768,-0.651621911368531,True,False,False,False,False,unchecked,unchecked
HCLTECH,MPHASIS,optics-18,2.642007878129534,0.9582407329076875,-0.2611413175198885,0.8001620062791068,0.07780979827089338,False,0.5640682071354499,36.396240861643925,791.9368939286725,8,2.0,1.0,1052880.0,675125.0,0.6412174226882456,0.33083890021817985,True,1900000.0,10.09348714953271,13.950348092850087,22.156435206291313,71.48594857929152,-0.4589344572540885,True,False,False,False,False,unchecked,unchecked
HCLTECH,NAUKRI,optics-18,4.528892250180827,0.664091178269116,2.546500106059565,0.9024877957224895,0.08789625360230548,False,0.49252155227809846,56.57939612669893,920.2023092188497,6,2.0,1.0,1052880.0,744700.0,0.7072980776536737,0.06506169754757461,True,800000.0,10.499883177570094,14.512033660056227,23.048524048324595,79.84913110180167,-1.6595582377963465,True,False,True,True,False,unchecked,unchecked
HCLTECH,OFSS,optics-18,17.840118362953458,-0.42590899705183083,11.106778123997058,0.6160391577558421,0.0559077809798271,False,0.529412146542678,33.00670992562732,1114.248749294572,8,2.0,1.0,1052880.0,1219000.0,-1.1577767646835346,1.7183665353344002,True,2400000.0,13.270327102803737,18.34110249981004,29.129986323227715,76.50183813550854,0.7427419070596398,True,False,False,False,False,unchecked,unchecked
HCLTECH,PERSISTENT,optics-18,1.607343221412745,1.0782275494475617,-2.02646784848459,0.6265845253265858,0.057348703170028825,False,0.38704628034685046,22.821970455181795,692.0295933302955,15,2.0,1.0,1052880.0,734375.0,0.6974916419724945,0.3531127614668539,True,1900000.0,10.439573598130842,14.428678956766204,22.916137166628676,60.39670545680399,-2.1452862514071254,True,False,True,False,False,unchecked,unchecked
HCLTECH,TATAELXSI,optics-18,5.123830972430606,0.6804163457274708,1.4979025148175829,0.5516066298326872,0.04927953890489914,False,0.6460336713010797,40.60026689748338,820.4034346665438,7,2.0,1.0,1052880.0,460625.0,0.437490502241471,0.3570252904878032,True,1900000.0,8.840566588785046,12.218669269052503,19.40612178025986,84.55099313053555,1.1814796102178597,True,False,False,False,False,unchecked,unchecked
HCLTECH,TCS,optics-18,1.9580112507399934,0.8127156478185502,0.8272166939718023,0.4847031528978877,0.04380403458213257,False,0.5136048331377621,20.186254632002825,497.5879422932722,21,2.0,2.0,1052880.0,1053900.0,1.0009687713699567,0.23163467327927775,True,1900000.0,12.305957943925234,17.00823455664463,27.013078413494416,36.84052107476218,0.9957094363265957,True,False,False,False,False,unchecked,unchecked
HCLTECH,TECHM,optics-18,3.109665901885923,1.0103758707356725,-0.14180243428311673,0.9474464468762537,0.09135446685878963,False,0.53436858809107,125.08383267168732,1152.009674239265,1,2.0,1.0,1052880.0,984540.0,0.9350923182129017,0.0745104418100914,True,800000.0,11.900817757009348,16.448284704809666,26.123746295874174,88.19636059788304,-1.3505285220900451,True,False,False,True,False,unchecked,unchecked
HCLTECH,WIPRO,optics-18,2.875895983480527,0.7849670808082887,3.02339534055839,0.41752709036581503,0.03688760806916427,False,0.5624902838040735,27.90905959117975,700.8647035530632,9,2.0,1.0,1052880.0,542850.0,0.5155858217460679,0.3431752307177469,True,1900000.0,9.320852803738317,12.882479484841577,20.460408593571916,68.50935555346193,1.1214801994049728,True,False,False,False,False,unchecked,unchecked
HDFCLIFE,ICICIGI,optics-8,4.2963691184419215,1.8285861208036798,-7.246358541833876,0.10891767772521188,0.012968299711815562,False,0.30124075531243766,10.202240988545302,698.8464067448936,26,2.0,4.0,1205600.0,2030600.0,1.6843065693430657,0.07890224574011422,True,500000.0,16.508485401459854,22.816605839416056,36.238138686131386,38.56966345858969,1.512767872148923,True,False,True,True,False,unchecked,unchecked
HDFCLIFE,ICICIPRULI,optics-8,1.8203030296428293,1.094442368438512,-0.44883446038318,0.6518871689270205,0.06080691642651297,False,0.388952003438574,25.735401304948233,587.7243765373092,9,2.0,2.0,1205600.0,936100.0,0.7764598540145985,0.2905429500847933,True,1100000.0,10.925228102189783,15.099908759124087,23.982208029197082,49.01336656089261,-1.0119674212500214,True,False,True,False,False,unchecked,unchecked
HDFCLIFE,MFSL,optics-8,7.42925614891136,1.0610338551735208,-1.3416022764401097,0.9196258561115864,0.09020172910662824,False,0.37154522762541137,105.75511347922009,1210.0188022753323,1,2.0,2.0,1205600.0,1251520.0,1.0380889183808892,0.021625075091387298,True,100000.0,12.53424684804247,17.323755806237557,27.514200398142005,87.95594891116974,-1.2917138885683017,True,False,True,True,False,unchecked,unchecked
HDFCLIFE,SBILIFE,optics-8,9.165255402132399,1.3221543471783013,-3.4763886387831704,0.7627108752430238,0.07319884726224785,False,0.3787835196336804,60.66731794269634,1112.6489856319288,5,2.0,2.0,1205600.0,1320825.0,1.0955748175182483,0.17137146668512013,True,2300000.0,12.887785127737228,17.81238594890511,28.290260036496353,78.65950925841871,-0.8871885508398575,True,False,True,False,False,unchecked,unchecked
HEROMOTOCO,M&M,optics-11,2.3688980303022538,0.7768862442259464,2.2826380566471722,0.07383596110141753,0.009221902017291067,False,0.43078298498529116,9.653123966394572,368.21891096402624,33,1.0,1.0,840000.0,666800.0,0.7938095238095239,0.02178347178799516,True,100000.0,11.03192857142857,15.247380952380952,24.21642857142857,30.410670167810327,1.2448707052966184,True,False,True,True,False,unchecked,unchecked
HEROMOTOCO,MARUTI,optics-11,1.9476892889777497,0.5294288676418322,3.5172028200372734,0.25507065606227086,0.02363112391930836,False,0.5017214166234197,17.985006752301388,473.86894163570537,17,1.0,1.0,840000.0,668800.0,0.7961904761904762,0.5038667606790057,True,2200000.0,11.04657142857143,15.267619047619046,24.248571428571427,39.08427702898477,1.7536562185176294,True,False,False,False,False,unchecked,unchecked
HEROMOTOCO,TMPV,optics-11,11.991965346396846,0.049514286485880764,8.302292661475597,0.5530235175106469,0.049567723342939476,False,0.47893151105387965,23.571715353377865,667.5251307090778,13,1.0,1.0,840000.0,511039.99999999994,0.6083809523809524,11.286978073579533,True,9700000.0,9.891542857142857,13.671238095238094,21.713142857142856,61.48581392393737,0.6397937903396687,True,False,True,False,False,unchecked,unchecked
HEROMOTOCO,TVSMOTOR,optics-11,1.7612859851177154,0.4185088155068964,5.164425987524921,0.7690421338406872,0.07521613832853026,False,0.4683590297396198,29.93122309709151,606.8601004713333,14,1.0,1.0,840000.0,753235.0,0.8967083333333333,1.14262710869601,True,1300000.0,11.66475625,16.122020833333334,25.605562499999998,47.400645892573806,-0.5884785038635232,True,False,True,False,False,unchecked,unchecked
HEROMOTOCO,UNOMINDA,optics-11,5.787758449823251,0.5849080980148159,4.452413319629399,0.2250337136493863,0.020461095100864555,False,0.4595361924883924,13.601260762680319,511.7353702746376,13,1.0,1.0,840000.0,701800.0,0.8354761904761905,0.42838882435002223,True,2200000.0,11.288178571428572,15.601547619047619,24.778928571428573,41.30407566247201,-0.09483814997337588,True,False,True,False,False,unchecked,unchecked
HINDALCO,HINDZINC,optics-12,2.922133442557733,0.7977524282565622,1.7811363160929854,0.686101136069494,0.06512968299711816,False,0.39320509462439324,29.840415232001178,751.8317014085843,7,1.0,1.0,726180.0000000001,761950.0,1.0492577597840753,0.31526739702586953,True,2600000.0,12.602935222672066,17.418690958164643,27.66497975708502,54.35259364077717,0.4182181458128214,True,False,True,False,False,unchecked,unchecked
HINDALCO,JINDALSTEL,optics-12,12.379795259152806,1.1550801242732425,-1.2789951963894035,0.5975201619167164,0.054178674351585014,False,0.4608668807189362,27.41333933461879,877.1639970530371,15,1.0,2.0,726180.0000000001,1474000.0,2.029799774160676,0.7572804963965534,True,2900000.0,18.63326861108816,25.75329808036575,40.90229695116913,42.89069624134958,0.6162834427224202,True,False,True,False,False,unchecked,unchecked
HINDALCO,JSWSTEEL,optics-12,9.296398438983353,1.8027715049440096,-5.966170006561341,0.3972739448368527,0.03544668587896254,False,0.39019680925889266,9.710347839517858,635.132395831152,24,1.0,2.0,726180.0000000001,1802115.0000000002,2.481636784268363,0.3765675669171605,True,1300000.0,21.412066223250434,29.593912666281085,47.0020965876229,27.025704891572943,-0.9951242879069041,True,False,True,False,False,unchecked,unchecked
HINDALCO,NATIONALUM,optics-12,63.24624791858663,0.47337960886065883,4.081786472487227,0.4106711022983135,0.03602305475504323,False,0.46968370185236935,17.07045187040322,424.12770365785514,23,1.0,1.0,726180.0000000001,740531.25,1.01976266214988,1.154217551964836,True,1100000.0,12.421540372221761,17.16798262827398,27.26679593902338,31.109464024033493,0.765422998802745,True,False,True,False,False,unchecked,unchecked
HINDALCO,NMDC,optics-12,6.764896190859362,1.6187392167090933,-0.30523837277626287,0.013844103413453433,0.002881844380403458,False,0.30241015360904266,6.088066056563276,489.5494695234389,39,1.0,3.0,726180.0000000001,1756890.0,2.4193588366520693,0.49459456574521043,True,600000.0,21.029056845410228,29.064550111542587,46.16134429480294,21.21036451611981,0.5115373318784168,True,False,True,False,False,unchecked,unchecked
HINDALCO,SAIL,optics-12,1.0921462713473689,0.8468884845432247,2.545597350940636,0.10800143934081852,0.012680115273775217,False,0.3512317519141586,7.170997011680621,443.22658307741085,31,1.0,1.0,726180.0000000001,940000.0,1.2944449034674597,0.5284714895676349,True,1900000.0,14.110836156324876,19.502781679473404,30.975006196810703,28.618337007664394,-1.990143587413064,True,False,True,False,False,unchecked,unchecked
HINDALCO,TATASTEEL,optics-12,5.344262560138666,1.224244380472086,0.4067344878765726,0.7886805414369276,0.07636887608069164,False,0.441916937960053,29.341869452686534,657.4649114950292,11,1.0,2.0,726180.0000000001,1025750.0,1.4125285741827094,0.15379624911001707,True,1900000.0,14.837050731223664,20.50649288055303,32.569135751466575,40.373494495654455,2.081644335914155,True,False,True,False,False,unchecked,unchecked
HINDALCO,VEDL,optics-12,12.334477585958691,0.5639973587203364,3.725100944283613,0.006284016339985985,0.0005763688760806917,False,0.33008362831440274,6.5412195262570805,313.8099712157414,31,1.0,2.0,726180.0000000001,662285.0,0.9120121732903687,0.6170504332850941,True,2100000.0,11.758874865735768,16.252103472968134,25.812164339419976,24.31489022689161,0.8149864999206161,True,False,True,False,False,unchecked,unchecked
HINDPETRO,IOC,optics-16,1.1512853499146949,0.9606850448272617,1.2005806060941657,0.7841281959314712,0.0760806916426513,False,0.5711380622745572,32.749006818223236,598.1696595328203,11,1.0,1.0,737100.0,668362.5,0.9067460317460317,0.05614640653735646,True,100000.0,11.726488095238095,16.20734126984127,25.741071428571427,46.4758944624876,-0.5128947683622228,True,False,False,True,False,unchecked,unchecked
HINDPETRO,PETRONET,optics-16,3.0922004791484365,1.0701221741764815,-0.0014093958967226553,0.8576193850436213,0.08270893371757926,False,0.4022123770856012,40.92560501916171,910.8050993411423,4,1.0,2.0,737100.0,1109600.0,1.5053588386921721,0.40671679834186175,True,1300000.0,15.407956857956858,21.295550128883463,33.82234432234432,53.85818857857407,-1.9351764471013662,True,False,True,False,False,unchecked,unchecked
HINDZINC,JINDALSTEL,optics-12,13.213029063040135,0.9397634694382395,-0.2765851796478754,0.4867013102219068,0.044092219020172914,False,0.5391416556215528,23.574476904887018,1003.256386425043,19,1.0,1.0,761950.0,737000.0,0.9672550692302645,0.029253743826048673,True,100000.0,12.098618675766126,16.721668088457246,26.557943434608568,75.55226472224993,0.6275776275704743,True,False,False,True,False,unchecked,unchecked
HINDZINC,JSWSTEEL,optics-12,10.704293897139078,1.2518890560140747,-2.567327961532663,0.5372038160585659,0.04755043227665706,False,0.4993110656941117,23.400096393321828,982.6102561359755,10,1.0,1.0,761950.0,901057.5000000001,1.1825677537896189,0.05537335907797608,True,100000.0,13.422791685806157,18.55182590721176,29.464664676159856,66.69753529766214,-0.09252219065409319,True,False,True,True,False,unchecked,unchecked
HINDZINC,NATIONALUM,optics-12,68.12397830080211,0.40509353795147984,3.9698174925930894,0.3949543948486667,0.0345821325648415,False,0.5321678716359607,17.29022622115018,722.3172521166175,16,1.0,1.0,761950.0,740531.25,0.9718895596823939,1.3991731998420625,True,3500000.0,12.127120792046723,16.761061257300348,26.620509055712315,54.26772648148292,0.5699143059736562,True,False,False,False,False,unchecked,unchecked
HINDZINC,NMDC,optics-12,8.211984510759358,1.2512422657671118,0.8047341262496785,0.5590889706808527,0.05100864553314121,False,0.41025640155470644,18.67156942613723,859.4140407114189,17,1.0,2.0,761950.0,1171260.0,1.537187479493405,0.2285290559226641,True,1200000.0,15.603702998884444,21.566093575693944,34.25203097316097,50.1817857974515,0.5088286189234559,True,False,True,False,False,unchecked,unchecked
HINDZINC,SAIL,optics-12,5.5344510727200715,0.5768834699628873,3.3999573500347853,0.36895270956067366,0.03314121037463977,False,0.5048581867411891,22.124936239731465,943.3488022839575,25,1.0,1.0,761950.0,940000.0,1.2336767504429424,1.1385198479032665,True,1200000.0,13.737112015224097,18.98625237876501,30.154636130979725,62.567414057753915,-0.24941956376576968,True,False,False,False,False,unchecked,unchecked
HINDZINC,TATASTEEL,optics-12,6.477727391490991,1.0165570103926194,0.9875428843334787,0.6029540685441421,0.05504322766570605,False,0.5247424018728886,24.22491521215842,867.9159725445896,13,1.0,2.0,761950.0,1025750.0,1.3462169433689875,0.32429064932526047,True,1300000.0,14.429234201719273,19.942844018636393,31.67392873548133,54.80317770446612,1.5024355246846923,True,False,False,False,False,unchecked,unchecked
HINDZINC,VEDL,optics-12,17.62281062100156,0.4505535619762818,3.840183834927024,0.4357184943486528,0.03919308357348704,False,0.525803366260257,19.876438009954512,772.1798433374591,15,1.0,1.0,761950.0,331142.5,0.4345987269505873,0.03541162776676572,True,100000.0,8.822782170746112,12.194089179079992,19.36708281383293,79.74147172912691,0.5357232568065804,True,False,False,True,False,unchecked,unchecked
ICICIGI,ICICIPRULI,optics-8,1.5686289347392133,0.42980406975785823,4.789388909540247,0.3282764247392722,0.03025936599423631,False,0.375534748302663,12.928406878993377,397.6339401574471,28,2.0,1.0,1015300.0,468050.0,0.4609967497291441,0.07257418476483744,True,800000.0,8.985130010834236,12.418472372697725,19.723456121343446,40.3209191848637,-2.8130742575097787,True,False,True,True,False,unchecked,unchecked
ICICIGI,MFSL,optics-8,0.8844215607020414,0.6665618004893085,2.590800904281995,0.6399430932169259,0.059077809798270896,False,0.2771705426030015,21.203959161966104,515.936761540072,17,2.0,1.0,1015300.0,625760.0,0.616330148724515,0.0753593316147423,True,800000.0,9.940430414655768,13.738806264158377,21.820457007780952,47.28927183844905,-2.7098738024941085,True,False,True,True,False,unchecked,unchecked
ICICIGI,SBILIFE,optics-8,1.436537669651202,0.6580938171880283,2.5520581034723566,0.6060026914596838,0.055331412103746404,False,0.3932125572631743,21.692676123810205,499.5453282826994,27,2.0,1.0,1015300.0,660412.5,0.6504604550379198,0.011599200525428247,True,800000.0,10.150331798483208,14.028913867822318,22.281216143011918,44.84004150189732,-2.3366751498265774,True,False,True,True,False,unchecked,unchecked
ICICIPRULI,MFSL,optics-8,2.8988101707820944,1.2171185953244263,-2.647194647496441,0.8281000822249336,0.08069164265129683,False,0.5293134269687179,42.21758472202012,897.235765736306,13,2.0,2.0,936100.0,1251520.0,1.3369511804294414,0.098455964410825,True,100000.0,14.372249759641065,19.864085033650248,31.548840935797458,56.879158734369945,-0.8747927441868354,True,False,False,True,False,unchecked,unchecked
ICICIPRULI,SBILIFE,optics-8,3.4731181876076613,1.5863873658720344,-5.622498127992418,0.29710384469608164,0.027377521613832854,False,0.36838775075096053,20.52338151989151,668.0268935366366,25,2.0,2.0,936100.0,1320825.0,1.4109870740305523,0.11056586532070926,True,2300000.0,14.827570505287898,20.493390129259694,32.54832549941246,41.04831098292264,-0.10686352186915614,True,False,True,False,False,unchecked,unchecked
INDHOTEL,JUBLFOOD,optics-7,2.8831937781696904,0.28324388727700167,4.782406284474451,0.5239323851905275,0.04610951008645533,False,0.4319601086269067,22.460524272397375,570.9506527324136,22,1.0,1.0,706400.0,613062.5,0.8678687712344281,2.0640335421808613,True,1800000.0,11.487392943091733,15.876884555492637,25.216228411664776,45.28438142385302,0.40262498681018716,True,False,True,False,False,unchecked,unchecked
INDHOTEL,NYKAA,optics-7,26.949951373894194,0.1464992033965066,5.731685320403434,0.34322503217733435,0.030835734870317006,False,0.4476301833273281,22.062690914553666,680.4523462188425,8,1.0,1.0,706400.0,1048906.25,1.4848616223103057,9.135629326880787,True,6800000.0,15.281898977208382,21.1213237896376,33.54563190118913,40.568760083170275,-0.34613943761217936,True,False,True,False,False,unchecked,unchecked
INDIANB,INDUSTOWER,optics-14,4.1142022029367595,0.7817828593238598,2.036710813436965,0.20641947056880167,0.019308357348703172,False,0.48844984426746035,12.537996244666441,590.100880086392,25,1.0,1.0,882400.0,646000.0,0.7320942883046238,0.06355802052530315,True,100000.0,10.652379873073437,14.722801450589301,23.38327289211242,50.472051778982845,1.7286974332629652,True,False,True,True,False,unchecked,unchecked
INDIANB,LICHSGFIN,optics-14,24.87082842299347,-0.8362183670541309,11.989302674824366,0.011129492884366933,0.0023054755043227667,False,0.4367390213201604,9.092325862842937,798.3718256853695,38,1.0,2.0,882400.0,1070000.0,-1.2126019945602902,0.4501020813882636,True,1600000.0,13.607502266545787,18.807116953762467,29.87012692656392,53.45620577027855,0.5848106371074988,True,False,True,False,False,unchecked,unchecked
INDIANB,MAHABANK,optics-14,8.378646079282454,0.26700879359331764,5.601590315187628,0.31647614002260416,0.029394812680115276,False,0.523876629864605,20.00412421100746,779.0215085208215,9,1.0,1.0,882400.0,544700.0,0.6172937443336355,1.3118854477648347,True,4000000.0,9.946356527651858,13.746996826835902,21.83346554850408,71.3603167385579,-0.017655508500073185,True,False,False,False,False,unchecked,unchecked
INDIANB,PNB,optics-14,8.876055687688666,0.5836145104077207,3.9611633257091974,0.3967771859716027,0.035158501440922196,False,0.45624803431987127,25.522779053141303,793.7895954344954,13,1.0,1.0,882400.0,923200.0,1.0462375339981869,0.7926859516691449,True,4000000.0,12.584360834088848,17.393019038984587,27.62420670897552,57.47058033536805,0.6329694946657455,True,False,True,False,False,unchecked,unchecked
INDIANB,RBLBANK,optics-14,4.232031622518884,0.4212408303786689,4.297447746042019,0.468575223089597,0.04265129682997118,False,0.47283085120650364,21.091134650518374,772.1305999696958,10,1.0,1.0,882400.0,1212850.0,1.3744900271985494,2.2629553644241223,True,2300000.0,14.60311366727108,20.18316523118767,32.055615367180415,48.17443628052939,-0.24939035214203578,True,False,True,False,False,unchecked,unchecked
INDIANB,SBIN,optics-14,0.9523510883242967,0.8169897188599875,1.0853595262620166,0.06723183614436332,0.00835734870317003,False,0.4213944069167027,8.942543017018737,425.65961809331463,29,1.0,1.0,882400.0,785625.0,0.8903275158658205,0.08976587503226749,True,100000.0,11.625514222574797,16.067783884859473,25.519421464188575,33.359660499407724,0.371361721840677,True,False,True,True,False,unchecked,unchecked
INDIANB,UNIONBANK,optics-14,1.391581735558977,0.6901352531781997,3.21250663681103,0.10120839360916517,0.012103746397694525,False,0.4018738895168863,10.760866983473166,435.52605498442057,34,1.0,1.0,882400.0,823050.0,0.9327402538531279,0.3515325431611957,True,2300000.0,11.886352561196736,16.428292157751585,26.091993427017226,33.38388507590613,-0.8342364862931118,True,False,True,False,False,unchecked,unchecked
INDUSTOWER,LICHSGFIN,optics-14,12.0469263724856,-0.9210546841776523,11.795578551111522,0.5309009801867592,0.046974063400576374,False,0.40602049967220194,11.895596488274155,733.1082810167916,30,2.0,2.0,1292000.0,1070000.0,-0.8281733746130031,0.10084233993943226,True,3200000.0,11.24326625386997,15.539473684210526,24.680340557275542,59.40827917795306,-0.9425085720377799,True,False,True,False,False,unchecked,unchecked
INDUSTOWER,MAHABANK,optics-14,12.255724865086597,0.18767794447997033,5.208194349591066,0.7658639697319669,0.07463976945244957,False,0.48976559702987355,37.35938725927512,794.7939735492794,6,2.0,1.0,1292000.0,544700.0,0.42159442724458207,1.2463717215827466,True,5500000.0,8.742805727554181,12.083552631578948,19.19152476780186,82.82760053361959,-1.2473962345299066,True,False,True,False,False,unchecked,unchecked
INDUSTOWER,PNB,optics-14,3.129843793997426,0.4275538659527313,3.9730048260471045,0.7277490382888359,0.06945244956772335,False,0.4708093266955329,36.02658626557056,797.7337527847158,16,2.0,1.0,1292000.0,923200.0,0.7145510835913312,0.6712539412994788,True,4200000.0,10.544489164086688,14.573684210526316,23.146439628482973,68.92928377659088,-0.7901409686848683,True,False,True,False,False,unchecked,unchecked
INDUSTOWER,RBLBANK,optics-14,9.26793336186396,0.20726877879560196,4.803699634771026,0.8086423661329614,0.07838616714697408,False,0.4798426927223528,41.41614684217813,821.6465560244937,14,2.0,1.0,1292000.0,1212850.0,0.9387383900928793,3.5290872824537454,True,5500000.0,11.923241099071207,16.479276315789473,26.172968266253868,62.78589021054094,-1.1662977264378178,True,False,True,False,False,unchecked,unchecked
INDUSTOWER,SBIN,optics-14,2.9998858889964835,0.7028257107016733,1.1460083929581648,0.5137076683423996,0.0452449567723343,False,0.4840074367547622,17.37394170243068,521.3051304115231,11,2.0,1.0,1292000.0,785625.0,0.6080688854489165,0.13482265063717633,True,3000000.0,9.889623645510836,13.66858552631579,21.70892995356037,48.02679188027197,-1.7916713273482088,True,False,True,False,False,unchecked,unchecked
INDUSTOWER,UNIONBANK,optics-14,3.262767166710442,0.5698988650489138,3.0970930542746293,0.7465174331450054,0.07204610951008646,False,0.4572777500455183,25.120307917543585,559.3899699216539,22,2.0,1.0,1292000.0,823050.0,0.6370356037151703,0.11780465409506333,True,4200000.0,10.067768962848298,13.914802631578947,22.099980650154798,50.62357101364572,-2.4145749333940287,True,False,True,False,False,unchecked,unchecked
INFY,KPITTECH,optics-18,7.931168459798709,0.4731462248764615,3.992952448190429,0.42854375783884757,0.037752161383285306,False,0.4281171032697099,17.32699905405254,630.1921877944243,13,2.0,1.0,915200.0,472285.0,0.5160456730769231,0.09066847825249497,True,700000.0,9.323680889423079,12.886388221153847,20.466616586538464,61.582449168361464,0.24271085585432123,True,False,True,True,False,unchecked,unchecked
INFY,LTM,optics-18,0.954328429900384,0.8566547622935111,-0.07494794827753587,0.6414414237304888,0.059942363112391935,False,0.43543765997150446,21.616443477398164,474.32415729927243,19,2.0,1.0,915200.0,701250.0,0.7662259615384616,0.10556037827064155,True,2100000.0,10.86228966346154,15.012920673076923,23.844050480769234,39.78553540488648,-2.5612293032329956,True,False,True,False,False,unchecked,unchecked
INFY,MPHASIS,optics-18,1.3189230483278789,1.1418712601001675,-1.740412552205037,0.9148319603921788,0.0893371757925072,False,0.4541136953017597,43.86586267828013,789.4200345280364,14,2.0,2.0,915200.0,1350250.0,1.4753605769230769,0.2920550927901057,True,1700000.0,15.223467548076922,21.040564903846153,33.41736778846153,47.24609308101221,-1.6545518432710051,True,False,True,False,False,unchecked,unchecked
INFY,NAUKRI,optics-18,3.039005089839307,0.7070034513632453,2.2021802844583758,0.9923096436499027,0.1,False,0.45735464583127283,inf,1092.782642153574,30,2.0,1.0,915200.0,744700.0,0.8137019230769231,0.15091647927310917,True,2100000.0,11.154266826923077,15.416466346153847,24.484975961538463,89.26148376621981,-2.3606491934103717,True,False,True,False,False,unchecked,unchecked
INFY,OFSS,optics-18,21.11527696179585,-0.508297702151139,11.812959431601394,0.7635682355747531,0.07377521613832853,False,0.4542387428460826,30.446554085527875,1222.0504798497816,5,2.0,1.0,915200.0,1219000.0,-1.3319493006993006,1.6204118080062737,True,2100000.0,14.3414881993007,19.821569055944057,31.48131555944056,77.63655731237796,0.09476051847609,True,False,True,False,False,unchecked,unchecked
INFY,PERSISTENT,optics-18,4.19431427971247,1.1013517073773724,-2.2659740031037914,0.9188413834732487,0.0899135446685879,False,0.3698305250701986,58.402487519826835,944.3502873871817,15,2.0,1.0,915200.0,734375.0,0.802420236013986,0.27142235251555213,True,1200000.0,11.084884451486015,15.320572006118882,24.33267318618881,77.61993761730984,-2.644972330948603,True,False,True,False,False,unchecked,unchecked
INFY,TATAELXSI,optics-18,1.8345657068761363,0.90779173746506,-0.46360920874002187,0.21616169121024192,0.019884726224783864,False,0.4237182432010561,12.939178208808748,547.9544926973915,19,2.0,2.0,915200.0,921250.0,1.0066105769230769,0.10885628870555816,True,2600000.0,12.340655048076922,17.056189903846153,27.089242788461533,40.455504568831195,0.9323074830770398,True,False,True,False,False,unchecked,unchecked
INFY,TCS,optics-18,0.3421504419939045,0.9636904198582174,-0.4058287196402216,0.13494430886248626,0.015273775216138331,False,0.43811122583368467,10.250142393923499,324.2986188287534,36,2.0,2.0,915200.0,1053900.0,1.1515515734265733,0.19493931837155234,True,2100000.0,13.232042176573426,18.288188374125873,29.04594624125874,22.33004331379631,-0.8920270737870947,True,False,True,False,False,unchecked,unchecked
INFY,TECHM,optics-18,5.392924503047374,0.8655582854039326,0.8764601376017698,0.9872246628605245,0.0994236311239193,False,0.4147161169650759,inf,1381.2988134770364,9,2.0,1.0,915200.0,984540.0,1.0757648601398602,0.2428566374797392,True,2100000.0,12.76595388986014,17.644001311188813,28.022825611888113,98.58383537818888,-1.7512654080130141,True,False,True,False,False,unchecked,unchecked
INFY,WIPRO,optics-18,0.6883729567758117,0.9961726417190397,1.846588584858078,0.03914940773371232,0.00489913544668588,False,0.3370546608457814,10.27522781344479,435.9949614630573,26,2.0,2.0,915200.0,1085700.0,1.1862980769230769,0.1908559091483864,True,2100000.0,13.445733173076922,18.583533653846153,29.515024038461533,29.543934024577094,0.39845162997819494,True,False,True,False,False,unchecked,unchecked
IOC,PETRONET,optics-16,3.0296466289317605,1.17499322358407,-1.5950757766928225,0.9535054063934846,0.09193083573487032,False,0.32043415343233317,27.759998788116448,698.5240732835972,14,1.0,2.0,668362.5,1109600.0,1.6601769249471656,0.4129246804361514,True,1200000.0,16.36008808842507,22.61150386205091,35.91238848678674,38.901565878337806,-2.2098148405055174,True,False,True,False,False,unchecked,unchecked
IRFC,MAZDOCK,optics-15,3.148858335967432,1.101193226092011,-3.954144055757293,0.9762445926146813,0.09510086455331412,False,0.4650463506327678,82.52992769377639,1013.5801934340551,7,2.0,2.0,910315.0000000001,1149750.0,1.2630243377292474,0.14695977763280801,True,2100000.0,13.917599677034872,19.235706870698603,30.55082855934484,66.35369587212212,-2.5255071828988704,True,False,True,False,False,unchecked,unchecked
IRFC,RVNL,optics-15,0.9204676367583262,0.810152636114778,0.07976536821525276,0.1855642841925425,0.017867435158501442,False,0.44384891509359253,17.012155298112564,388.1295006416761,17,2.0,2.0,910315.0000000001,824747.0,0.906001768618555,0.11830996806162049,True,2600000.0,11.721910877004113,16.201015033257715,25.73102387635049,30.16821269972143,0.04555675300326992,True,False,True,False,False,unchecked,unchecked
IRFC,SOLARINDS,optics-15,20.167275722513676,-0.6406914709270919,10.832860293493725,0.22908518300699954,0.0207492795389049,False,0.43801000115043043,14.297275074562595,895.6587661566953,21,2.0,1.0,910315.0000000001,1020000.0,-1.120491258520402,0.7488780627889917,True,3000000.0,13.041021239900472,18.024175697423416,28.626631990025427,62.575210836452975,-0.5076408559315679,True,False,True,False,False,unchecked,unchecked
JINDALSTEL,JSWSTEEL,optics-12,1.1719061363246739,0.8833169555562773,0.7435931029412498,0.6659155145529393,0.0628242074927954,False,0.4639889043448012,27.54889182229033,544.2948207652172,11,1.0,1.0,737000.0,901057.5000000001,1.2226017639077342,0.3841031310644196,True,1900000.0,13.669000848032567,18.892114993215742,30.005123812754416,36.280124965446824,-0.512418706589387,True,False,True,False,False,unchecked,unchecked
JINDALSTEL,NATIONALUM,optics-12,125.74428021704043,0.22525082408972263,5.705468944271382,0.29339042030196616,0.02651296829971182,False,0.4918871130098035,14.241520800540297,510.830916051161,21,1.0,1.0,737000.0,740531.25,1.0047913839891451,3.4607667388107464,True,6300000.0,12.329467011533245,17.040726763907735,27.064683683853463,37.748892395584726,0.39939137212788206,True,False,True,False,False,unchecked,unchecked
JINDALSTEL,NMDC,optics-12,1.8168413184243608,0.711842497220833,3.8747778694629234,0.5221174929157504,0.045821325648414984,False,0.5087713531181256,21.30629884719727,562.9359422277241,13,1.0,1.0,737000.0,585630.0,0.7946132971506106,0.11627684530346293,True,4100000.0,11.036871777476255,15.25421302578019,24.227279511533244,46.4712467579979,0.36872545989508854,True,False,False,False,False,unchecked,unchecked
JINDALSTEL,SAIL,optics-12,10.847066500796778,0.41837867842506293,4.896923946238297,0.5901604396236221,0.05302593659942364,False,0.44129365268377724,17.112314478446947,491.2201385653266,20,1.0,1.0,737000.0,940000.0,1.2754409769335142,2.0485324484860485,True,1900000.0,13.993962008141112,19.341248303934872,30.718453188602442,31.982088131155344,-0.8353778535220876,True,False,True,False,False,unchecked,unchecked
JINDALSTEL,TATASTEEL,optics-12,1.841959356780794,0.8097537726738497,2.768006367948647,0.07009990174550149,0.008933717579250721,False,0.40291523083718583,8.515762177375466,296.259133955463,28,1.0,2.0,737000.0,1025750.0,1.3917910447761195,0.7187830322547951,True,2900000.0,14.709514925373135,20.330223880597014,32.28917910447761,18.350366418227097,2.391259014586203,True,False,True,False,False,unchecked,unchecked
JINDALSTEL,VEDL,optics-12,45.91993533005869,0.255660789430535,5.605299855289089,0.44691367589760184,0.040345821325648415,False,0.48935469548968075,15.474618948583117,521.8727639392663,14,1.0,1.0,737000.0,331142.5,0.4493113975576662,0.757451342298024,True,3400000.0,8.913265094979648,12.319146879240161,19.565703867028493,53.34566724366199,0.3744036868315774,True,False,True,False,False,unchecked,unchecked
JSWENERGY,NHPC,optics-1,1.4027929210370849,0.4810144108740467,4.1509996283479405,0.6307493258823436,0.05763688760806916,False,0.36857967763137994,24.94130875750894,668.1185881686928,15,2.0,1.0,1150895.0,519998.99999999994,0.4518214085559499,0.06069049421003941,True,900000.0,8.928701662619092,12.340481972725573,19.599589015505323,68.17679571139386,0.8413106712867819,True,False,True,True,False,unchecked,unchecked
JSWENERGY,NTPC,optics-1,2.203166441441683,0.2830122832775059,4.59444155297771,0.5562117844847798,0.05043227665706052,False,0.37244242056158233,21.81629555272392,681.0327850608331,8,2.0,1.0,1150895.0,495075.0,0.4301652192424157,0.5199524708283418,True,1500000.0,8.795516098340856,12.156404363560533,19.30723045977261,70.54691624257474,0.6920144665275679,True,False,True,False,False,unchecked,unchecked
JSWENERGY,POWERGRID,optics-1,1.2778761249633184,0.48357109572310747,3.521716349486625,0.5207384604407603,0.04553314121037464,False,0.3764946952821869,20.01436932371455,653.5983204871358,15,2.0,1.0,1150895.0,505495.0,0.4392190425712163,0.09171775059377645,True,900000.0,8.851197111812981,12.23336186185534,19.429457074711422,67.27911315008717,0.9333358075814985,True,False,True,True,False,unchecked,unchecked
JSWENERGY,TATAPOWER,optics-1,0.8603856363490102,0.8346340849042608,1.2761364050205741,0.6406136750140609,0.05965417867435159,False,0.3744600478128442,24.038803306352637,577.3702334089585,16,2.0,2.0,1150895.0,1020365.0000000001,0.886583919471368,0.06224264681577949,True,100000.0,11.602491104748914,16.035963315506628,25.468882912863467,45.33926638120028,1.9581930122509403,True,False,True,True,False,unchecked,unchecked
JSWSTEEL,NATIONALUM,optics-12,118.83592903569978,0.1793002767541538,6.053910000048288,0.1694351335348715,0.016426512968299712,False,0.462085751161304,11.153809452791696,389.72108332516257,13,1.0,1.0,901057.5000000001,740531.25,0.8218468299747795,3.583633917652277,True,4100000.0,11.204358004344893,15.485698054785626,24.59493220465952,31.691169553322023,1.8143356873591592,True,False,True,False,False,unchecked,unchecked
JSWSTEEL,NMDC,optics-12,0.6177594830044701,0.7005924947595231,4.007687107121384,0.13128631787711864,0.014697406340057638,False,0.4364405900590473,9.859928246782786,322.73750179195827,33,1.0,1.0,901057.5000000001,585630.0,0.6499363248183384,0.07230475678814163,True,100000.0,10.147108397632781,14.024458760955875,22.274140385047566,28.978671788259817,1.9234883952014317,True,False,True,True,False,unchecked,unchecked
JSWSTEEL,SAIL,optics-12,8.272340410675493,0.3884473669258905,5.131148010025453,0.07882345940006402,0.00979827089337176,False,0.37621982402488635,6.233305631963136,255.84398761037517,29,1.0,1.0,901057.5000000001,940000.0,1.043218662515988,1.6856113629289122,True,4100000.0,12.565794774473328,17.3673586313859,27.58345194396584,18.55054168927857,0.2871367637576703,True,False,True,False,False,unchecked,unchecked
JSWSTEEL,TATASTEEL,optics-12,1.5120347271463905,0.5561155776732195,4.178437766010712,0.7054236965378128,0.06772334293948126,False,0.4043380515045848,23.08336006901412,345.6497229558119,21,1.0,1.0,901057.5000000001,512875.0,0.5691923101466887,0.023514414985787793,True,100000.0,9.650532707402135,13.338134636246854,21.184096186980298,32.632945007892054,3.198667016356191,True,False,True,True,False,unchecked,unchecked
JSWSTEEL,VEDL,optics-12,41.191297127428314,0.22833954223373668,5.838270373675955,0.06234456774207432,0.007492795389048992,False,0.43129876491387226,8.465629469563211,333.26687813283957,25,1.0,1.0,901057.5000000001,331142.5,0.3675042935661708,0.6094640900610199,True,2300000.0,8.41015140543195,11.623786495312451,18.461307963143305,36.104362572595974,1.9594845534252239,True,False,True,False,False,unchecked,unchecked
JUBLFOOD,NYKAA,optics-7,42.49933701008289,-0.7122092103914068,10.21963345990399,0.5943652335649767,0.053602305475504326,False,0.5163398601907294,29.807397371627456,1206.3289276764854,6,2.0,1.0,1226125.0,1048906.25,-0.8554643694566215,0.201141963590286,True,2800000.0,11.411105872158222,15.771447140381284,25.048768987664392,96.31842014037164,0.9777412207881074,True,False,False,False,False,unchecked,unchecked
KPITTECH,LTM,optics-18,10.871999184633824,1.499456522157734,-5.953697094247363,0.7976002913380706,0.07723342939481269,False,0.49605106778608193,37.14155444076082,1424.4479180374535,11,2.0,2.0,944570.0,1402500.0,1.4848026085943868,0.009772816581743952,True,100000.0,15.281536042855478,21.120822173052286,33.54483521602422,84.92800211205099,-2.1356507220900682,True,False,True,True,False,unchecked,unchecked
KPITTECH,MPHASIS,optics-18,7.707558448859135,2.266912347655134,-10.970224233771646,0.6867707845547208,0.06570605187319885,False,0.4023240996564348,25.673017852098614,1359.647278640878,23,2.0,3.0,944570.0,2025375.0,2.1442296494701294,0.05411885391682926,True,800000.0,19.337012344241298,26.7259520204961,42.44710026784675,64.06314071214882,-2.298767378278347,True,False,True,True,False,unchecked,unchecked
KPITTECH,NAUKRI,optics-18,7.442947796250284,1.3789359210462189,-2.9687059777327676,0.9820200181139045,0.0974063400576369,False,0.5637641516898645,inf,2059.0537482522104,7,2.0,2.0,944570.0,1489400.0,1.5768021427739607,0.14349196268497946,True,2200000.0,15.847333178059857,21.902818213578662,34.78682892744847,118.38122713321069,-2.729776927039983,True,False,False,False,False,unchecked,unchecked
KPITTECH,OFSS,optics-18,40.689205094375566,-0.6624815155897191,12.794748599521101,0.8661971748194768,0.08328530259365995,False,0.5625633973724866,72.69556482794711,2627.8988615118283,3,2.0,1.0,944570.0,1219000.0,-1.2905343172025365,0.9480306798503586,True,1700000.0,14.086786050795599,19.469541696221558,30.92221328223424,169.96835495094635,-0.568521522884644,True,False,False,False,False,unchecked,unchecked
KPITTECH,PERSISTENT,optics-18,21.153114543070497,1.8046887677630876,-8.730358167406367,0.9047268841171834,0.08847262247838618,False,0.4425438712575652,79.94682565632618,2138.8529029078904,29,2.0,2.0,944570.0,1468750.0,1.5549403432249596,0.13838864019068026,True,1900000.0,15.712883110833504,21.716992917412156,34.49169463353696,124.02132893918417,-2.4269488814219216,True,False,True,False,False,unchecked,unchecked
KPITTECH,TATAELXSI,optics-18,3.881605669453923,1.7895456997584869,-8.328503949218124,0.17357082271050167,0.01671469740634006,False,0.35350127669676,11.396266080448372,825.6812498007583,23,2.0,4.0,944570.0,1842500.0,1.9506230348200768,0.09001018251913241,True,400000.0,18.146331664143474,25.080295795970653,39.833410970071036,41.45671835239702,0.5472251042522418,True,False,True,True,False,unchecked,unchecked
KPITTECH,TCS,optics-18,6.03132115500548,1.744548214582618,-6.988894008105378,0.5922144017497754,0.053314121037463975,False,0.5030251417136016,20.106527433887294,1100.4474112984653,13,2.0,3.0,944570.0,1580850.0,1.6736186836338227,0.040657822097376214,True,800000.0,16.44275490434801,22.72575881088749,36.09385222905661,60.97699986772667,-1.2191675735691287,True,False,False,True,False,unchecked,unchecked
KPITTECH,TECHM,optics-18,23.15181295942286,0.9587716196050466,-0.22094822741020204,0.9850759607714121,0.09827089337175793,False,0.5551817713976369,6331.743716505201,2785.110876776003,5,2.0,1.0,944570.0,984540.0,1.0423155509914563,0.08713642506525644,True,800000.0,12.560240638597458,17.359682183427378,27.57125993838466,202.03000392438187,-1.6673065134000473,True,False,False,True,False,unchecked,unchecked
KPITTECH,WIPRO,optics-18,5.335816748812536,1.9149120166566096,-3.511529521000867,0.05799109553495659,0.006628242074927955,False,0.39909065322888543,9.219134268471942,800.7093405304764,17,2.0,4.0,944570.0,2171400.0,2.29882380342378,0.20048534001967944,True,800000.0,20.28776639105625,28.04000232910213,44.53412134622103,35.959364025868275,-0.3763037390692203,True,False,True,False,False,unchecked,unchecked
LICHSGFIN,MAHABANK,optics-14,31.67347388869696,-0.0500792469314996,6.50448162661593,0.23841061693913967,0.023054755043227664,False,0.42099984182831757,11.971507033174499,459.3372459135206,19,2.0,1.0,1070000.0,544700.0,-0.5090654205607477,9.165197197495155,True,9900000.0,9.280752336448598,12.827056074766356,20.372383177570093,45.09411018925355,-0.00962886467978964,True,False,True,False,False,unchecked,unchecked
LICHSGFIN,PNB,optics-14,6.0463777427258,-0.10196649788196897,6.776643634664056,0.23414733317948327,0.021613832853025938,False,0.4063655475152114,11.738921430819012,461.03031697960006,29,2.0,1.0,1070000.0,923200.0,-0.862803738317757,7.461639423141638,True,8300000.0,11.456242990654207,15.833831775700936,25.14785046728972,36.66558440684788,-0.22121593483155175,True,False,True,False,False,unchecked,unchecked
LICHSGFIN,RBLBANK,optics-14,28.711669697939556,-0.07127084784684848,6.704473808817693,0.23567759321235004,0.022478386167146976,False,0.4207704686550748,12.014444683770646,460.3049788259566,21,2.0,1.0,1070000.0,1212850.0,-1.1335046728971963,14.904183928510943,True,15300000.0,13.121053738317757,18.134789719626166,28.802313084112146,31.963056403262886,0.03319767828120991,True,False,True,False,False,unchecked,unchecked
LICHSGFIN,SBIN,optics-14,22.66878933621272,-0.27650375618945977,8.202708701734474,0.03985571610177647,0.005187319884726225,False,0.44837065273639254,7.106705440383283,384.3732018845051,26,2.0,1.0,1070000.0,785625.0,-0.7342289719626168,1.6554032468894373,True,2500000.0,10.665508177570095,14.740946261682243,23.41209112149533,32.83544386443984,0.0626959168872291,True,False,True,False,False,unchecked,unchecked
LICHSGFIN,UNIONBANK,optics-14,22.51951366146399,-0.2540037885452661,7.58683401741744,0.006892093927834278,0.0008645533141210376,False,0.366792969793326,5.435123581670114,369.01365903745716,36,2.0,1.0,1070000.0,823050.0,-0.7692056074766355,2.028323364316887,True,3000000.0,10.88061448598131,15.038247663551402,23.88427570093458,30.90013393397714,0.6176514614389835,True,False,True,False,False,unchecked,unchecked
LODHA,OBEROIRLTY,optics-13,9.465170615544157,1.1201926823021684,-1.3565287334564373,0.6541712281546279,0.06138328530259366,False,0.6093323969875282,45.16945099148717,1256.215201981213,6,1.0,2.0,796250.0,1309000.0,1.6439560439560439,0.46756541970749277,True,2100000.0,16.26032967032967,22.473626373626374,35.69340659340659,70.38920192130193,0.5353939755239584,True,False,False,False,False,unchecked,unchecked
LODHA,PHOENIXLTD,optics-13,23.664850773512093,0.4227775344818333,3.790080214550006,0.624461813583237,0.057060518731988474,False,0.5929087095199355,51.044271438131986,1443.589024506237,10,1.0,1.0,796250.0,670950.0,0.8426373626373627,0.9930987195668285,True,1200000.0,11.33221978021978,15.662417582417582,24.875604395604395,116.06463919817956,1.137896907146339,True,False,False,False,False,unchecked,unchecked
LODHA,PRESTIGE,optics-13,3.3060100268943313,1.3501395624806567,-2.9463143190284233,0.29007977974173194,0.025936599423631124,False,0.4455627894543514,12.061786979855688,636.0810011308181,28,1.0,2.0,796250.0,1429200.0,1.7949136577708007,0.3294282366431405,True,1400000.0,17.188718995290426,23.756766091051805,37.73133437990581,33.71632684528482,2.285733747606284,True,False,True,False,False,unchecked,unchecked
LTF,SHRIRAMFIN,optics-3,19.085836152604763,0.3813047243364577,3.050502987661648,0.3125556876417849,0.028530259365994237,False,0.46943901545532724,16.469812755892242,613.0995193226794,15,1.0,1.0,707175.0,896692.5000000001,1.2679923639834554,2.3254042844341933,True,4600000.0,13.948153038498251,19.27793509385937,30.617896913776647,40.048441017959846,0.5563739585628099,True,False,True,False,False,unchecked,unchecked
LTM,MPHASIS,optics-18,2.470086593049392,1.3406599245842692,-2.0046127829236315,0.4444708953111896,0.03976945244956773,False,0.39484560788667045,20.50873850450027,719.2753626537217,8,1.0,2.0,701250.0,1350250.0,1.9254901960784314,0.43622566824731085,True,1300000.0,17.991764705882357,24.866666666666667,39.49411764705883,36.42443004204131,-0.1450905072249418,True,False,True,False,False,unchecked,unchecked
LTM,NAUKRI,optics-18,4.022751181156845,0.9209020420701037,1.9816697124539937,0.9699928050501535,0.09394812680115275,False,0.41521069753252343,55.44243719262329,989.1409012588837,14,1.0,1.0,701250.0,744700.0,1.0619607843137255,0.1531745351834975,True,3200000.0,12.681058823529412,17.526666666666667,27.836470588235294,71.06798242424675,-1.7403254613318648,True,False,True,False,False,unchecked,unchecked
LTM,OFSS,optics-18,20.141659052504686,-0.3925017125089897,12.05649173583508,0.7709904915413814,0.07550432276657061,False,0.5713231209482149,47.926155013752904,1511.4888727692635,4,1.0,1.0,701250.0,1219000.0,-1.7383244206773618,3.428832703851064,True,6000000.0,16.840695187165775,23.275757575757574,36.967379679144386,81.77419583904071,0.57092396897015,True,False,False,False,False,unchecked,unchecked
LTM,PERSISTENT,optics-18,2.4654974743314644,1.3942464945120747,-3.4916257492265346,0.5304232285687105,0.04668587896253602,False,0.36141474781772553,18.83624155948543,768.2204324047633,19,1.0,2.0,701250.0,1468750.0,2.0944741532976825,0.5022265872941333,True,1900000.0,19.03101604278075,26.3030303030303,41.775401069518715,36.77860237063255,-2.060659962293431,True,False,True,False,False,unchecked,unchecked
LTM,TATAELXSI,optics-18,4.502606365169785,0.9158235367840915,0.7617202075016665,0.7556841361862278,0.07233429394812681,False,0.55201088642529,35.38059563076329,874.2762443871843,9,1.0,2.0,701250.0,921250.0,1.3137254901960784,0.43447447835771635,True,1300000.0,14.229411764705882,19.666666666666664,31.235294117647054,55.98002318110032,1.9158443197328905,True,False,False,False,False,unchecked,unchecked
LTM,TCS,optics-18,1.4588213118821618,1.0520187552321631,0.18973418161505332,0.23554968544955684,0.02219020172910663,False,0.33345526953561677,12.725036621397786,445.0946461142355,31,1.0,2.0,701250.0,1053900.0,1.5028877005347594,0.4285750069190515,True,1300000.0,15.392759358288771,21.274545454545454,33.78898395721925,26.345547807994265,2.199277190888677,True,False,True,False,False,unchecked,unchecked
LTM,TECHM,optics-18,5.003991149017266,1.279095023129373,-0.8541373221697868,0.9550948499503622,0.09221902017291066,False,0.4539518680630121,151.68451635603998,1427.5484922589437,3,1.0,1.0,701250.0,984540.0,1.4039786096256683,0.09763433070887974,True,100000.0,14.784468449197863,20.433818181818182,32.45371122994653,87.9744373236229,-1.155959927752866,True,False,True,True,False,unchecked,unchecked
LTM,WIPRO,optics-18,2.2147523485152387,1.064476360451367,2.7723362605924065,0.45827178263245477,0.041210374639769454,False,0.42859552829465114,18.052682261335455,632.8657080397318,25,1.0,2.0,701250.0,1085700.0,1.5482352941176472,0.45445718819077696,True,1300000.0,15.671647058823531,21.66,34.40117647058824,36.793259589875305,2.279552747202566,True,False,True,False,False,unchecked,unchecked
LUPIN,SUNPHARMA,optics-6,1.141649702126874,0.9109612495178981,0.8826965440498065,0.6075625869115916,0.05561959654178675,False,0.49772564741072645,23.702169560617698,521.2605704945813,10,1.0,1.0,922887.5,672000.0,0.7281494223293739,0.20068013571957374,True,2600000.0,10.62811894732565,14.689270089799678,23.330017201446548,44.68582821810018,-1.6587373732302426,True,False,True,False,False,unchecked,unchecked
LUPIN,ZYDUSLIFE,optics-6,5.660701433671736,0.2322575201029534,6.089408073893319,0.7088025387061756,0.06829971181556196,False,0.4420957342551283,42.41774507536453,727.3290286781157,8,1.0,1.0,922887.5,1071900.0,1.1614633419566307,4.0007566663149845,True,4200000.0,13.292999553033278,18.37243840663136,29.179755116414512,49.851619780658865,-0.7040800879169932,True,False,True,False,False,unchecked,unchecked
M&M,MARUTI,optics-11,0.6056876706081775,0.7295747667886727,1.1278481645166778,0.026782074687916702,0.0034582132564841502,False,0.316759576261731,6.50485855253675,305.6378533754602,44,1.0,1.0,666800.0,668800.0,1.002999400119976,0.37477260149062,True,1700000.0,12.318446310737855,17.025494901019798,27.040491901619678,22.605938862906044,1.7089335168848898,True,False,True,False,False,unchecked,unchecked
M&M,TMPV,optics-11,4.436748849614884,0.3276057721209077,6.191717389532482,0.6378603049528375,0.058213256484149864,False,0.42020936973561535,26.091910816942253,657.3940807690462,17,1.0,1.0,666800.0,511039.99999999994,0.7664067186562686,1.3394176289830908,True,3100000.0,10.863401319736052,15.014457108578284,23.846490701859626,55.13549888644878,0.4729318141520788,True,False,True,False,False,unchecked,unchecked
M&M,TVSMOTOR,optics-11,4.96944675368179,0.28461449727419896,5.7918217787554935,0.8262326366929404,0.08011527377521614,False,0.33580101059414824,30.082937777022384,692.9559750619009,9,1.0,1.0,666800.0,753235.0,1.129626574685063,2.968970609381065,True,2400000.0,13.097203434313139,18.101825884823036,28.74995875824835,48.205702198657384,-0.8855086752189995,True,False,True,False,False,unchecked,unchecked
M&M,UNOMINDA,optics-11,1.078593401801488,0.8187015258056206,2.326855882148108,0.030394323785644165,0.004034582132564842,False,0.19798946488322988,7.213402720301031,391.29694093971966,24,1.0,1.0,666800.0,701800.0,1.0524895020995801,0.28555947304960366,True,2400000.0,12.622810437912419,17.446160767846433,27.708608278344332,28.24370946450875,-1.785341836435486,True,False,True,False,False,unchecked,unchecked
MAHABANK,PNB,optics-14,20.406979475738822,-0.7334263810091795,7.688578083073261,0.3603672075669978,0.032276657060518736,False,0.46346520977663747,27.46889999173736,1519.5172418782001,11,2.0,1.0,1089400.0,923200.0,-0.8474389572241601,0.15545197059601495,True,2500000.0,11.361749586928585,15.70323113640536,24.94042592252616,121.85174756825417,1.4640172500874273,True,False,True,False,False,unchecked,unchecked
MAHABANK,RBLBANK,optics-14,3.277695976674795,1.3033525952825658,-3.3026247025543274,0.3377762509997541,0.030547550432276662,False,0.38600848299332247,15.387493042076512,842.9715624894076,21,2.0,1.0,1089400.0,1212850.0,1.113319258307325,0.1458034745647947,True,2500000.0,12.996913438590049,17.963213695612264,28.529809987148887,59.094088805296636,-0.2126011247465978,True,False,True,False,False,unchecked,unchecked
MAHABANK,SBIN,optics-14,7.374289311507872,0.9836132927106664,-2.578440289843713,0.9143797797706272,0.08904899135446687,False,0.5261497064518215,80.65148729655432,1295.7285798117682,1,2.0,1.0,1089400.0,785625.0,0.7211538461538461,0.26683194351057204,True,1400000.0,10.585096153846155,14.629807692307693,23.235576923076923,111.52971015967216,1.2862837137571186,True,False,False,False,False,unchecked,unchecked
MAHABANK,UNIONBANK,optics-14,6.361997986683716,0.9714991646451162,-0.7334419327681572,0.8664488301288368,0.08357348703170028,False,0.5608166968888645,60.90907233573208,1171.3663378762772,11,2.0,1.0,1089400.0,823050.0,0.755507618872774,0.22232808182726835,True,1400000.0,10.79637185606756,14.92181476041858,23.69935285478245,98.85217921804133,0.7262152696913966,True,False,False,False,False,unchecked,unchecked
MARUTI,TMPV,optics-11,6.251596646348922,0.5066867362246692,6.600741030569414,0.7351176324210152,0.07060518731988473,False,0.5606735973585949,44.7416196801828,770.0331799961626,14,1.0,1.0,668800.0,511039.99999999994,0.7641148325358851,0.5080616442208783,True,1700000.0,10.849306220095693,14.994976076555023,23.815550239234447,64.66641939916946,-0.276669957188388,True,False,False,False,False,unchecked,unchecked
MARUTI,TVSMOTOR,optics-11,4.9839984766783285,0.08388243883749995,8.90248295662297,0.8706521659193409,0.08472622478386167,False,0.5275162234683204,68.73470068727015,890.1167702787383,4,1.0,1.0,668800.0,753235.0,1.126248504784689,12.42651120297656,True,8400000.0,13.07642830442584,18.073112290669858,28.7043548145933,62.01963263262079,-1.158713795339628,True,False,False,False,False,unchecked,unchecked
MARUTI,UNOMINDA,optics-11,2.362009090238263,0.969954843558072,2.7212836195660763,0.34606100631756065,0.03112391930835735,False,0.36187923682569795,13.411558754419465,533.8138666261567,28,1.0,1.0,668800.0,701800.0,1.049342105263158,0.08184634803602889,True,100000.0,12.603453947368422,17.419407894736842,27.666118421052634,38.58971891192001,-2.935185059568132,True,False,True,True,False,unchecked,unchecked
MAZDOCK,RVNL,optics-15,3.3521042851113503,0.2511759670345998,6.412862680836841,0.385279569583007,0.03371757925072046,False,0.38481186231515896,16.01576661066327,625.9724716119824,12,2.0,1.0,1149750.0,412373.5,0.35866362252663625,0.42793765964571706,True,1500000.0,8.355781278538814,11.548640791476407,18.34195890410959,68.25579262111756,1.35601045328804,True,False,True,False,False,unchecked,unchecked
MAZDOCK,SOLARINDS,optics-15,8.958654619275055,-0.0462746528826999,8.282851685089794,0.30850545800605234,0.02795389048991355,False,0.40886503087171094,15.111890847691631,730.9894808340601,12,2.0,1.0,1149750.0,1020000.0,-0.8871493803000652,18.171389195481833,True,19900000.0,11.605968688845401,16.040769732550554,25.47651663405088,57.38535541056262,0.3030498612480148,True,False,True,False,False,unchecked,unchecked
MFSL,SBILIFE,optics-8,0.6732468074988809,0.5883422291364075,2.95381329430046,0.03373638680480028,0.004610951008645533,False,0.4770156637819589,10.311492803587932,374.5203245022003,44,2.0,1.0,1251520.0,660412.5,0.5276883309895167,0.10309288564229199,True,2900000.0,9.395283235585527,12.985350813410891,20.623792468358474,36.31924875861688,0.11627202910738214,True,False,True,False,False,unchecked,unchecked
MPHASIS,NAUKRI,optics-18,0.8102606614371439,0.7031156946325565,2.8586344736783627,0.8061143889724229,0.07809798270893373,False,0.29405384214955615,11.25780945671519,458.5826004143425,37,1.0,1.0,675125.0,744700.0,1.1030549898167006,0.5688100809542441,True,1700000.0,12.933788187372711,17.875967413441956,28.39124236252546,32.304510986785196,-2.677643223296571,True,False,True,False,False,unchecked,unchecked
MPHASIS,OFSS,optics-18,15.048403454006506,-0.07290612088418305,8.49523011464133,0.7068151127646713,0.06801152737752161,False,0.4801051943072345,36.85562600693252,1099.5715454715148,3,1.0,1.0,675125.0,1219000.0,-1.805591557119052,23.765980348719584,True,15200000.0,17.254388076282172,23.84752823551194,37.8754860211072,58.062438848111256,-0.031105067767035206,True,False,True,False,False,unchecked,unchecked
MPHASIS,PERSISTENT,optics-18,4.959242895941145,0.844328832444354,0.5733106717266717,0.4877861408029779,0.04438040345821326,False,0.4096495426900034,24.545779757520595,666.2591260079361,17,1.0,1.0,675125.0,734375.0,1.0877615256433995,0.2883150306430985,True,2400000.0,12.839733382706907,17.745972967968896,28.18478059618589,47.27793595796858,-1.4244271871886278,True,False,True,False,False,unchecked,unchecked
MPHASIS,TATAELXSI,optics-18,1.6417928730530442,0.5948182992090597,2.809333781060397,0.7299955918019309,0.07031700288184439,False,0.4557949897199658,28.74372671798911,632.5803458831657,20,1.0,1.0,675125.0,460625.0,0.6822810590631364,0.14704113839533428,True,3100000.0,10.34602851323829,14.299389002036659,22.71079429735234,55.70746118350541,1.7687087139103654,True,False,True,False,False,unchecked,unchecked
MPHASIS,TCS,optics-18,0.86343935946761,0.6535546560377734,2.6725723453175365,0.45071574075279286,0.040634005763688766,False,0.4156910825471188,17.76720152184663,501.7289716745088,28,1.0,1.0,675125.0,526950.0,0.7805221255323088,0.19427215202518133,True,3100000.0,10.9502110720237,15.134438067024625,24.03704869468617,41.746304053161495,1.2464023352282132,True,False,True,False,False,unchecked,unchecked
MPHASIS,TECHM,optics-18,4.5783759768388315,0.8884077200008319,1.338326895374549,0.8323336360903455,0.08155619596541787,False,0.39076247435518496,57.6219574841376,946.6924496122108,3,1.0,1.0,675125.0,984540.0,1.4583077207924457,0.6414847462053573,True,1700000.0,15.118592482873542,20.89561562673579,33.18715423069802,57.05174014206515,-1.1548348179175796,True,False,True,False,False,unchecked,unchecked
MPHASIS,WIPRO,optics-18,0.8065550133970523,0.6833727652589974,4.1582124077131635,0.4394385831624938,0.03948126801152738,False,0.3914604364780628,16.412444335427658,518.79345321076,16,1.0,1.0,675125.0,542850.0,0.8040733197556008,0.17662476562240242,True,3100000.0,11.095050916496946,15.334623217922609,24.354989816700613,42.60264176789062,1.8378632876821714,True,False,True,False,False,unchecked,unchecked
NATIONALUM,NMDC,optics-12,109.39596900590261,2.879554913425962,-6.893361623480459,0.31533510725579783,0.029106628242074932,False,0.4152220693387515,14.945697793401852,1390.4056802874527,29,1.0,5.0,740531.25,2928150.0,3.954120774781618,0.373170817595969,True,800000.0,30.46784276490695,42.11002658564375,66.88063045955184,41.57872528215308,0.1456244680223035,True,False,True,False,False,unchecked,unchecked
NATIONALUM,SAIL,optics-12,69.93525761298247,1.5319197617673803,-1.9499985306606835,0.5511254569387768,0.04899135446685879,False,0.49105467606918957,20.316253048708912,1285.9630645371997,19,1.0,2.0,740531.25,1880000.0,2.5387179811790523,0.6572134158319923,True,2800000.0,21.763115584251175,30.079102840021946,47.772692745917205,53.83674189674401,-1.4606902627232854,True,False,True,False,False,unchecked,unchecked
NATIONALUM,TATASTEEL,optics-12,99.6136711987827,2.442139143294614,-7.009847994065382,0.6178055880781557,0.056195965417867436,False,0.4829681350149132,21.37231084979644,1285.9051103257564,11,1.0,5.0,740531.25,2564375.0,3.462885597332996,0.4179722751838475,True,1400000.0,27.446746423597922,37.93452757733046,60.24895556399544,42.68638678590501,1.7112505418769755,True,False,True,False,False,unchecked,unchecked
NATIONALUM,VEDL,optics-12,25.013591290516946,1.0999899735432737,-0.25307116402691815,0.20273227058281085,0.018443804034582133,False,0.41868763154311317,13.548807299975323,758.4987633403894,17,1.0,3.0,740531.25,993427.5,1.3415065198126346,0.21956249791204088,True,1400000.0,14.400265096847704,19.902805418407393,31.610338017470568,47.9905506180401,0.037199493435094565,True,False,True,False,False,unchecked,unchecked
NAUKRI,OFSS,optics-18,16.07305857189686,0.06805626187224942,6.4597776964456655,0.8680187841321558,0.08414985590778098,False,0.5558864317730231,71.93598160216746,1427.3928065755545,4,1.0,1.0,744700.0,1219000.0,1.6369007654088894,23.0521697838998,True,16100000.0,16.21693970726467,22.41365650597556,35.598160333020004,80.19475125806088,0.7758353608640979,True,False,False,False,False,unchecked,unchecked
NAUKRI,PERSISTENT,optics-18,7.4162615885190295,1.0028769621586051,-1.54784819674327,0.4662652505522403,0.042363112391930836,False,0.40339858782312016,22.210874811735945,974.6268906076077,12,1.0,1.0,744700.0,734375.0,0.9861353565194038,0.01669357884457382,True,100000.0,12.214732442594334,16.882150530414933,26.81282731301195,72.69855425762077,0.5667574624525293,True,False,True,True,False,unchecked,unchecked
NAUKRI,TATAELXSI,optics-18,2.7461852828839373,0.5676404204171719,2.281254492756141,0.9794004401616185,0.0962536023054755,False,0.5658280295614054,325.56584251483685,1140.260361058584,8,1.0,1.0,744700.0,460625.0,0.6185376661742984,0.08966459033999193,True,100000.0,9.954006646971935,13.757570162481535,21.850258493353028,104.3704230231837,2.3510962027486633,True,False,False,True,False,unchecked,unchecked
NAUKRI,TCS,optics-18,1.9617672229365593,0.7186261996571609,1.400957668254222,0.9689810313458193,0.0936599423631124,False,0.43551793183038673,133.39722232791758,935.3928764909342,10,1.0,1.0,744700.0,526950.0,0.7076003759903317,0.015342919131099591,True,100000.0,10.50174231234054,14.514603195917818,23.052605075869476,81.15289993581378,2.503891008863402,True,False,True,True,False,unchecked,unchecked
NAUKRI,TECHM,optics-18,6.919456277134017,1.1671647994416112,-1.4576222984675218,0.7279086843486364,0.06974063400576369,False,0.4371493641453709,39.69361107660021,1218.5016461556488,4,1.0,1.0,744700.0,984540.0,1.322062575533772,0.1327128578297308,True,3400000.0,14.280684839532698,19.73753189203706,31.347844769705922,77.74069669588195,0.22913030749841723,True,False,True,False,False,unchecked,unchecked
NAUKRI,WIPRO,optics-18,2.028262326958789,0.7102301424800216,3.256057134012125,0.9701254835050708,0.09423631123919309,False,0.4616403515014084,140.7598517872603,1009.5005989206869,6,1.0,1.0,744700.0,542850.0,0.7289512555391433,0.026359220679863408,True,100000.0,10.633050221565732,14.696085672082718,23.340841949778433,86.50078699755471,2.6035472967432507,True,False,True,True,False,unchecked,unchecked
NESTLEIND,TATACONSUM,optics-9,4.142824292442927,0.2188823918152132,5.640371006585719,0.9087514130850018,0.08876080691642652,False,0.564255705381807,75.88181483975006,785.5927085038135,5,1.0,1.0,727300.0,572385.0,0.7869998625051561,2.595537566902887,True,4800000.0,10.99004915440671,15.189498831293825,24.124498143819604,65.12821148199284,1.5452947010652573,True,False,False,False,False,unchecked,unchecked
NHPC,NTPC,optics-1,3.0113125426420155,-0.10836088251469432,5.008344155398186,0.23409936343134513,0.02132564841498559,False,0.44950891409039284,12.474855249851114,466.26312296314217,29,2.0,1.0,1039997.9999999999,495075.0,-0.4760345692972487,3.393048102323233,True,3900000.0,9.07761260117808,12.546293839026614,19.926466685512857,46.798374274966626,-1.3907964921695732,True,False,True,False,False,unchecked,unchecked
NHPC,POWERGRID,optics-1,1.2764211283356401,0.0924266741349351,3.850481333123598,0.30938181417418087,0.028242074927953893,False,0.45617068907343084,14.428581417800345,468.838522958957,23,2.0,1.0,1039997.9999999999,505495.0,0.486053819334268,4.2588046024967925,True,5000000.0,9.13923098890575,12.631457464341278,20.06172656101262,46.73959856177925,-1.0979786717704556,True,False,True,False,False,unchecked,unchecked
NHPC,TATAPOWER,optics-1,0.9960491969928728,0.2993215595474328,2.5874584972941994,0.3572261221373473,0.03198847262247839,False,0.4818715338160938,15.821058469460771,448.5933881027819,21,2.0,1.0,1039997.9999999999,510182.50000000006,0.49056103954046076,0.638909807506608,True,1300000.0,9.166950393173835,12.669768836093915,20.12257403379622,44.586084001913605,-0.6098377328960076,True,False,True,False,False,unchecked,unchecked
NMDC,SAIL,optics-12,5.987847261677914,0.47702475835374497,1.9936384834985457,0.0023936379250062067,0.00028818443804034583,False,0.34711911436621723,4.999261588070023,262.52671461019804,40,2.0,1.0,1171260.0,940000.0,0.8025545139422502,0.6824168974204556,True,3900000.0,11.08571026074484,15.321713368509128,24.33448593822038,21.57651616530487,-2.2063034264875556,True,True,True,False,False,unchecked,unchecked
NMDC,TATASTEEL,optics-12,1.0330157100871895,0.6648412207779328,0.918299543363532,0.30469466899689135,0.027665706051873202,False,0.400467767562974,13.939646549762598,410.03396275607224,21,2.0,1.0,1171260.0,512875.0,0.43788313440226767,0.34137186336024833,True,2100000.0,8.842981276573948,12.222006642419275,19.411422314430617,42.246668596896114,1.6771667982549836,True,False,True,False,False,unchecked,unchecked
NMDC,VEDL,optics-12,35.56404430061626,0.2940989520652738,2.7870760033949704,0.007886004631237759,0.0017291066282420751,False,0.35098847035641917,5.887626293852342,320.1047621842968,38,2.0,1.0,1171260.0,331142.5,0.28272330652459743,0.03867965343226253,True,900000.0,7.888748335126276,10.90314810545908,17.316764638082066,36.97050446482829,0.33270367408898516,True,False,True,True,False,unchecked,unchecked
NTPC,POWERGRID,optics-1,0.8484728271582545,0.9500248357073251,0.4966419729671632,0.3128878964384081,0.02881844380403458,False,0.4169618585849619,15.553160498046314,390.1542393979383,13,2.0,2.0,990150.0,1010990.0,1.0210473160632227,0.07475855123620957,True,100000.0,12.429440993788822,17.178902186537396,27.28413876685351,28.599344310029842,-0.052198268405014174,True,False,True,True,False,unchecked,unchecked
NTPC,TATAPOWER,optics-1,1.148701845506673,0.7501333126753709,1.3909981269674159,0.7368635958454499,0.07089337175792508,False,0.48497160239462955,37.08158336576291,540.4002292656601,16,2.0,1.0,990150.0,510182.50000000006,0.515257789223855,0.3131117089225459,True,1300000.0,9.318835403726709,12.879691208402768,20.45598015452204,52.83542760440135,0.18617091139460917,True,False,True,False,False,unchecked,unchecked
OBEROIRLTY,PHOENIXLTD,optics-13,3.9358779428641,0.6402736451789519,2.63135296778537,0.42868679264300863,0.03804034582132565,False,0.366048415738165,14.91344561459787,467.1114009286031,18,2.0,1.0,1309000.0,670950.0,0.5125668449197861,0.19945659363110702,True,1700000.0,9.302286096256685,12.856818181818182,20.419652406417114,45.751160855393195,1.3448970571559105,True,False,True,False,False,unchecked,unchecked
OBEROIRLTY,PRESTIGE,optics-13,2.3751280583714447,0.4516947242586967,4.102967909176484,0.7653858112974279,0.07435158501440922,False,0.4768242638389605,30.755935030174395,547.562532164829,5,2.0,1.0,1309000.0,714600.0,0.545912910618793,0.20858819308709745,True,3000000.0,9.507364400305578,13.14025974025974,20.869824293353705,52.47409124946089,1.8560711741231193,True,False,True,False,False,unchecked,unchecked
OFSS,PERSISTENT,optics-18,12.307245034410336,-0.2941651945250523,11.594406290062333,0.9280411437381706,0.09106628242074928,False,0.5341517737130919,189.40698519509198,1647.4519126467003,15,1.0,1.0,1219000.0,734375.0,-0.6024405250205086,1.0479667079349264,True,1900000.0,9.855009228876128,13.620744462674322,21.632947087776863,152.3095217643786,2.2268704632010192,True,False,False,False,False,unchecked,unchecked
OFSS,TATAELXSI,optics-18,24.38415653051056,-0.5758481501084642,13.929415358679757,0.7105901880634247,0.0685878962536023,False,0.5020208342826584,39.55443738853609,1427.1187069309296,20,1.0,1.0,1219000.0,460625.0,-0.3778712059064807,0.34380060813722063,True,2000000.0,8.473907916324857,11.711905250205085,18.60126127973749,153.443219303145,1.456331074784179,True,False,False,False,False,unchecked,unchecked
OFSS,TCS,optics-18,21.30052579256928,-0.535726040330794,13.295823631463463,0.8905781225879937,0.08703170028818445,False,0.5263697068089321,56.44228558600579,1468.163273441842,18,1.0,1.0,1219000.0,526950.0,-0.4322805578342904,0.19309399713448538,True,3500000.0,8.808525430680886,12.174384741591467,19.335787530762918,151.85968206425713,1.8330226622365413,True,False,False,False,False,unchecked,unchecked
OFSS,TECHM,optics-18,7.560198990053409,0.5039937485627953,5.3794462201152236,0.9258349611881564,0.0904899135446686,False,0.5856416766053396,922.3112801143059,1644.172840354739,7,1.0,1.0,1219000.0,984540.0,0.80766201804758,0.6025238812003815,True,3100000.0,11.117121410992617,15.36512715340443,24.40343724364233,134.74928338491208,1.8116051940908837,True,False,False,False,False,unchecked,unchecked
OFSS,WIPRO,optics-18,20.909871609115136,-0.5247073091781319,11.887268447490865,0.7432894742721582,0.07146974063400577,False,0.5347976995024539,62.05736899553488,1498.6204818061065,24,1.0,1.0,1219000.0,542850.0,-0.44532403609515997,0.1512905798993211,True,4700000.0,8.888742821985234,12.28525430680886,19.51187448728466,153.61112360400998,1.6591738886174157,True,False,False,False,False,unchecked,unchecked
PERSISTENT,TATAELXSI,optics-18,9.79258440588912,0.42232494467045567,5.031987308063844,0.7381242855944625,0.07118155619596543,False,0.5163612292486552,30.559439226139144,823.9882036540289,15,1.0,1.0,734375.0,460625.0,0.6272340425531915,0.48519297869707506,True,1900000.0,10.007489361702127,13.831489361702127,21.967659574468087,75.0182968614198,2.164238354235495,True,False,False,False,False,unchecked,unchecked
PERSISTENT,TCS,optics-18,5.533595493534255,0.5367604026092312,4.360444784880583,0.3964559598998316,0.034870317002881845,False,0.44036053926722696,20.712632908317484,662.1537931780119,15,1.0,1.0,734375.0,526950.0,0.7175489361702128,0.3368142148380458,True,2600000.0,10.56292595744681,14.59916595744681,23.18691063829787,57.114447328255196,2.317001311202115,True,False,True,False,False,unchecked,unchecked
PERSISTENT,TECHM,optics-18,1.6654861271491899,1.105493311981854,0.5164263831018313,0.6565622440026542,0.06195965417867435,False,0.4230287406331288,28.233243993124642,765.9941602045936,14,1.0,1.0,734375.0,984540.0,1.3406502127659574,0.2127167104815225,True,2600000.0,14.394998808510639,19.89552680851064,31.598777872340424,48.48251810872069,-0.28632332357185203,True,False,True,False,False,unchecked,unchecked
PERSISTENT,WIPRO,optics-18,6.297476075460509,0.5381796257402898,5.704696130112955,0.5958028036652039,0.05389048991354466,False,0.453150078596898,20.617643116549168,708.5580278715353,17,1.0,1.0,734375.0,542850.0,0.7392,0.3735191089465675,True,1900000.0,10.69608,14.783199999999999,23.4792,60.356232569383565,2.4865812567674417,True,False,True,False,False,unchecked,unchecked
PHOENIXLTD,PRESTIGE,optics-13,10.39285857429763,0.33296155136897543,5.028139521857644,0.6558079762570782,0.06167146974063401,False,0.5113551368957687,35.02027830654592,762.7047296893771,9,1.0,1.0,670950.0,714600.0,1.0650570087189806,2.1987387262582896,True,1700000.0,12.700100603621731,17.552984574111335,27.878269617706238,54.71679126059983,1.0013546497326926,True,False,False,False,False,unchecked,unchecked
PNB,RBLBANK,optics-14,14.455904981311582,-0.0637117234451718,5.105824550146579,0.4841575508800211,0.043515850144092226,False,0.5043599138749053,18.17692246726406,680.6944767478752,9,1.0,1.0,923200.0,1212850.0,-1.3137456672443675,19.620155855223935,True,17100000.0,14.229535853552859,19.666838171577123,31.235566507798957,43.5845769967334,0.31398517599700054,True,False,False,False,False,unchecked,unchecked
PNB,SBIN,optics-14,7.861975198088655,0.264707447715722,2.9106508240954017,0.6864519745461815,0.06541786743515851,False,0.45227298146937484,24.953704765972915,635.5419843777003,7,1.0,1.0,923200.0,785625.0,0.8509802859618717,2.214795402643024,True,2400000.0,11.383528758665513,15.73333243067591,24.98823386048527,50.867299219790326,-0.04822422351767049,True,False,True,False,False,unchecked,unchecked
PNB,UNIONBANK,optics-14,8.50146272516242,0.14841937326583993,3.9826941212424,0.6936341760160252,0.06657060518731989,False,0.5093415485965423,26.240884292793297,663.3455664375352,11,1.0,1.0,923200.0,823050.0,0.8915186308492201,5.006753776357653,True,5100000.0,11.632839579722704,16.07790836221837,25.53550151646447,51.95477096933705,-0.14912006392211316,True,False,False,False,False,unchecked,unchecked
POWERGRID,TATAPOWER,optics-1,0.4261646792725715,0.7790968273689622,1.004010310607422,0.29658278024793067,0.027089337175792507,False,0.42840732330610265,14.308969524100451,398.4923736784492,29,2.0,2.0,1010990.0,1020365.0000000001,1.009273088754587,0.2954398648534333,True,1800000.0,12.357029495840711,17.07882125441399,27.125186698186926,29.381723938887014,0.29284316798867865,True,False,True,False,False,unchecked,unchecked
RBLBANK,SBIN,optics-14,4.526210774079274,0.572805910135078,1.811446523724589,0.9485759510158503,0.09164265129682997,False,0.439835107920276,45.407749327094926,888.8366024744889,11,1.0,1.0,1212850.0,785625.0,0.6477511646122769,0.13083882891418747,True,5500000.0,10.133669662365504,14.005884899204354,22.24464072226574,79.91467370248954,1.6942280536053245,True,False,True,False,False,unchecked,unchecked
RBLBANK,UNIONBANK,optics-14,4.763809911923866,0.5366064356185399,3.0342801856731882,0.825832999236088,0.0798270893371758,False,0.4566947675322689,31.490393715175863,852.3125240592353,11,1.0,1.0,1212850.0,823050.0,0.6786082367976254,0.2646293293433979,True,4300000.0,10.323440656305397,14.268170012779816,22.661211196767944,75.22215089551757,1.2550692837087618,True,False,True,False,False,unchecked,unchecked
RVNL,SOLARINDS,optics-15,20.974979852763138,-0.8418125912334112,13.762767985380894,0.1313715263567513,0.014985590778097984,False,0.4534946881638792,10.76591713728852,902.5127740428672,27,2.0,1.0,824747.0,1020000.0,-1.2367429041875873,0.4691427962315579,True,1100000.0,13.755968860753663,19.012314685594493,30.19602920653243,59.7769175456767,-0.46773677240728556,True,False,True,False,False,unchecked,unchecked
SAIL,TATASTEEL,optics-12,4.625636778025367,1.3940907116879353,-2.2561768661601627,0.8692257530579723,0.08443804034582132,False,0.38872910395106486,22.541201173207376,659.7224089991951,13,1.0,3.0,940000.0,1538625.0,1.6368351063829787,0.17412381609022676,True,1700000.0,16.21653590425532,22.413098404255315,35.59727393617021,37.06589499983337,4.025735703069901,True,False,True,False,False,unchecked,unchecked
SAIL,VEDL,optics-12,13.853063594894234,0.6006024191215834,1.7504599879636928,0.21243309665802151,0.01959654178674352,False,0.3931376296455511,8.67574873625248,483.9998651897736,23,1.0,2.0,940000.0,662285.0,0.7045585106382979,0.17308636829794394,True,2500000.0,10.483034840425532,14.488747340425531,23.011539893617023,42.065838916241,3.0325193390893532,True,False,True,False,False,unchecked,unchecked
SBIN,UNIONBANK,optics-14,0.6114258935018151,0.8016221748697925,2.82313592889306,0.031279154643757044,0.004322766570605188,False,0.3957283380394536,7.275746381226395,319.5235035596847,30,1.0,1.0,785625.0,823050.0,1.04763723150358,0.3068965210122185,True,2800000.0,12.592968973747016,17.404916467780428,27.643102625298326,23.11777428827864,-1.816726793197654,True,False,True,False,False,unchecked,unchecked
SUNPHARMA,ZYDUSLIFE,optics-6,2.8112461295783815,0.36287075420910625,4.972120453335559,0.5532076532750861,0.04985590778097983,False,0.5379914691057804,25.70297799059001,508.97022324903867,9,1.0,1.0,672000.0,1071900.0,1.5950892857142858,3.3957504626980954,True,2400000.0,15.959799107142858,22.05825892857143,35.03370535714286,29.056031502261128,0.3518923069281294,True,False,False,False,False,unchecked,unchecked
TATAELXSI,TCS,optics-18,1.1235049689391663,0.9314265186387852,1.0915773919313803,0.4298881903945027,0.038328530259365994,False,0.4961494044609245,17.26703558473228,594.7284637341945,29,2.0,2.0,921250.0,1053900.0,1.143989145183175,0.22821191182642636,True,1700000.0,13.185533242876527,18.22390773405699,28.943853459972864,41.09532025904281,-1.786813922398275,True,False,True,False,False,unchecked,unchecked
TATAELXSI,TECHM,optics-18,9.738910505201476,0.4595156234970856,5.088028120367057,0.9635725793187293,0.09279538904899136,False,0.41459012959860747,184.07563749553915,1496.92095792708,1,2.0,1.0,921250.0,984540.0,1.0687001356852104,1.3257101196081278,True,2100000.0,12.722505834464044,17.58395115332429,27.92745183175034,107.20068318050063,-1.8557863346606442,True,False,True,False,False,unchecked,unchecked
TATAELXSI,WIPRO,optics-18,0.772219707207359,1.0088337406897712,3.021064297477346,0.14286213556838828,0.015561959654178675,False,0.4371486244496359,10.562651083483212,497.53607227709404,27,2.0,2.0,921250.0,1085700.0,1.1785074626865673,0.16818799288055616,True,2100000.0,13.397820895522388,18.51731343283582,29.409850746268656,33.83465469237163,-1.0688466621936723,True,False,True,False,False,unchecked,unchecked
TATASTEEL,VEDL,optics-12,30.76671919560878,0.35048444239010373,3.3136744138420955,0.35183975251466243,0.03170028818443804,False,0.4549400313383416,14.283391715283074,421.62669905008215,16,2.0,1.0,1025750.0,331142.5,0.32282963685108457,0.0789045167038776,True,800000.0,8.13540226663417,11.24405191323422,17.858200097489643,47.21939464765555,-1.659332006190846,True,False,True,True,False,unchecked,unchecked
TCS,TECHM,optics-18,6.462420494287456,0.8837969523750292,1.4357016593712357,0.9785358466247662,0.09567723342939483,False,0.42586954931965165,512.8873212730787,1397.0913641030852,3,2.0,1.0,1053900.0,984540.0,0.9341873042983205,0.05701575660323024,True,800000.0,11.89525192143467,16.440592086535723,26.111528608027324,107.00954241902062,-1.5724818902365554,True,False,True,True,False,unchecked,unchecked
TCS,WIPRO,optics-18,0.26090310265412686,1.0233335718406043,2.393081128945325,0.06820804222487059,0.008645533141210375,False,0.3655160805974456,8.476227726691917,367.51533728596684,17,2.0,2.0,1053900.0,1085700.0,1.0301736407628808,0.006684104880849084,True,100000.0,12.485567890691716,17.256475946484485,27.407344150298886,26.818748673388622,1.2561545928895355,True,False,True,True,False,unchecked,unchecked
TECHM,WIPRO,optics-18,6.948745730602964,0.13878194774636393,6.565430966776143,0.5719430294822951,0.051585014409221905,False,0.5371251209060938,21.25246056335085,613.0994055255615,13,1.0,1.0,984540.0,542850.0,0.5513742458406972,2.972953649911165,True,3500000.0,9.540951611920288,13.186681089645926,20.943552318849413,58.54779515829945,1.8944722904024924,True,False,False,False,False,unchecked,unchecked
TMPV,TVSMOTOR,optics-11,15.307962437815,-0.4291896789597264,9.417054765902305,0.36374712088535827,0.032853025936599424,False,0.5001539363142398,16.50694022437082,839.9866162303954,15,2.0,1.0,1022079.9999999999,753235.0,-0.736962860050094,0.7171029411432981,True,3400000.0,10.682321589308078,14.764184310425799,23.448998610676266,71.64370898533396,-0.7075320154988396,True,False,False,False,False,unchecked,unchecked
TMPV,UNOMINDA,optics-11,1.9216987988996155,0.6709537765294162,1.1482213032777018,0.8588397821189047,0.0829971181556196,False,0.5637092885849979,38.871546669139335,737.9892018459262,17,2.0,1.0,1022079.9999999999,701800.0,0.6866390106449594,0.023377518190115507,True,800000.0,10.3728299154665,14.336431590482155,22.76962664370695,64.82224881363095,-2.4403236097280665,True,False,False,True,False,unchecked,unchecked
TVSMOTOR,UNOMINDA,optics-11,8.481257088044273,0.1981006579984629,6.792875374238573,0.856164964609347,0.08242074927953891,False,0.463143511961963,38.397679778824966,656.6161002947588,23,1.0,1.0,753235.0,701800.0,0.9317145379596009,3.7032379769623494,True,3400000.0,11.880044408451546,16.419573572656606,26.07814626245461,50.357574782077684,2.4025792055376387,True,False,True,False,False,unchecked,unchecked
