symbol_a,symbol_b,group,distance,beta,alpha,coint_p,bh_bar,bh_pass,hurst,half_life,sigma_bps,crossings,lots_a,lots_b,notional_a,notional_b,beta_effective,lot_error,lot_size_known,min_notional_for_lot_gate,cost_hard_bps,cost_allin_low_bps,cost_allin_high_bps,cost_coverage,z_today,gate_sigma,gate_half_life,gate_hurst,gate_lot,admitted,mwpl_ban_screen,event_screen
ABB,CUMMINSIND,optics-2,1.4970255384411928,1.070424456837732,-0.35349859514348103,0.5294202086087518,0.04639769452449568,False,0.4218654758243099,17.93601170037621,626.2464198406055,12,3.0,3.0,2815875.0,3115800.0,1.106512185377547,0.033713475350167325,True,100000.0,12.955049940071914,17.90535357570915,28.437914502596886,44.04306228457211,1.9130392113269934,True,False,True,True,False,unchecked,unchecked
ABB,SIEMENS,optics-2,7.523701010415782,1.544642172438099,-3.8381625455224295,0.2536853266211955,0.02334293948126801,False,0.4864169694071321,14.082942551122164,699.7685194835997,20,3.0,5.0,2815875.0,3577875.0,1.2706086030097217,0.17740909468750057,True,700000.0,13.964242908509787,19.30017312558263,30.65321614063124,45.65710275053633,-1.1905401011677852,True,False,True,False,False,unchecked,unchecked
ABCAPITAL,LTF,optics-3,2.1371314220045834,0.989456834542815,0.2527875585372988,0.4468832841154282,0.04005763688760807,False,0.3143005585346224,17.785701220783345,488.194461243919,32,2.0,3.0,2514410.0,2121525.0,0.8437466443420126,0.1472628063336676,True,3300000.0,11.339041862703377,15.671846476907106,24.89057969861717,39.227247187902286,1.2850522274174452,True,False,True,False,False,unchecked,unchecked
ABCAPITAL,SHRIRAMFIN,optics-3,26.198445959881845,0.46134396893731766,2.6994527761382163,0.7944729628712244,0.07665706051873199,False,0.4164069325175367,25.324941830525674,600.7599334224925,31,2.0,1.0,2514410.0,896692.5000000001,0.3566214340541121,0.2269944811989817,True,3200000.0,8.34322181943279,11.531282189459953,18.314389359730512,65.60523767649465,1.3399120206310804,True,False,True,False,False,unchecked,unchecked
ADANIENSOL,ADANIENT,optics-17,44.55348187361116,1.282142290966,-2.971622842269396,0.6402624553691079,0.05936599423631125,False,0.49468901838670326,41.99441768799758,1404.4283302617268,11,2.0,3.0,2134890.0,2937199.5,1.375808355465621,0.07305434440435664,True,2000000.0,14.61122138611357,20.19437102145778,32.07341279878588,87.57585848892829,0.016535178717558066,True,False,True,True,False,unchecked,unchecked
ADANIENSOL,ADANIGREEN,optics-17,24.234309611431293,1.1247122453557847,-0.8664017567668774,0.6880789748477694,0.0659942363112392,False,0.49548429003562827,42.04788470954668,1046.5470769907668,11,2.0,4.0,2134890.0,3146400.0,1.4737995868639602,0.3103792485141364,True,1800000.0,15.213867459213356,21.027296488343662,33.39629442266346,62.67444308315577,1.5161244100690097,True,False,True,False,False,unchecked,unchecked
ADANIENSOL,ADANIPORTS,optics-17,35.71673275249222,2.1399488125004384,-8.693143766203153,0.18702300473103461,0.01815561959654179,False,0.48098347985189416,14.796350961630163,877.9097962955782,25,2.0,7.0,2134890.0,5677437.5,2.6593583275953327,0.24272053240749555,True,1000000.0,22.5050537147113,31.10454578456033,49.40133742253699,35.5419444937972,1.5039060765594277,True,False,True,False,False,unchecked,unchecked
ADANIENSOL,ADANIPOWER,optics-17,4.738110925111233,1.0707444385695353,1.5338485084846731,0.4186150175995339,0.03717579250720461,False,0.4353579493349748,16.58545603362997,834.7186846221216,18,2.0,4.0,2134890.0,3019346.0,1.414286450355756,0.3208440776448737,True,1800000.0,14.8478616696879,20.521434828023924,32.59286707980271,51.22094245825853,1.1201992820435749,True,False,True,False,False,unchecked,unchecked
ADANIENT,ADANIGREEN,optics-17,4.429799584019998,0.7402552430616924,2.602769536325907,0.6634243122763385,0.06253602305475506,False,0.4428944877878028,25.012215691485633,527.8777975585122,22,3.0,2.0,2937199.5,1573200.0,0.5356122388009394,0.27644924663329695,True,100000.0,9.444015268625778,13.052704029807986,20.730765223812682,50.92699587877807,2.7333617968420487,True,False,True,False,False,unchecked,unchecked
ADANIENT,ADANIPORTS,optics-17,3.147377748134975,1.2294891915625614,-1.2341400146904387,0.7450977401315981,0.07175792507204612,False,0.44267428035051976,36.882140938724845,806.0346232276178,14,3.0,4.0,2937199.5,3244250.0,1.104538523855802,0.10162811398769529,True,1700000.0,12.942911921713183,17.888577452774317,28.411270072053327,56.740485109144885,1.790607245591346,True,False,True,False,False,unchecked,unchecked
ADANIENT,ADANIPOWER,optics-17,42.12882546262591,0.5593562794856713,4.9279520841272095,0.8178610824938383,0.07896253602305477,False,0.5711637177121912,35.57305779174072,955.6957764854862,16,3.0,2.0,2937199.5,1509673.0,0.513983813493091,0.08111550304628815,True,2500000.0,9.31100045298251,12.868862414691273,20.438781482156728,93.51788190698342,1.4142737215087315,True,False,False,True,False,unchecked,unchecked
ADANIGREEN,ADANIPORTS,optics-17,3.9309510362175293,1.718116628932897,-5.603464787326732,0.20614500644401523,0.019020172910662825,False,0.30795708728376886,13.110830625772552,683.7979420392439,28,3.0,5.0,2359800.0,4055312.5,1.7184983896940418,0.00022219723313068618,True,1200000.0,16.71876509661836,23.107236312399355,36.69972826086956,37.26446894530995,-0.08136057176046865,True,False,True,True,False,unchecked,unchecked
ADANIGREEN,ADANIPOWER,optics-17,21.49850808215806,0.8313025183708251,2.7530391729429002,0.26124660797530064,0.02420749279538905,False,0.47385133308939414,15.712013481325682,794.1522787057879,14,3.0,3.0,2359800.0,2264509.5,0.959619247393847,0.1543562375758167,True,3600000.0,12.05165837147216,16.6567636028477,26.454859839816933,60.03829039460777,-0.37655329784534364,True,False,True,False,False,unchecked,unchecked
ADANIPORTS,ADANIPOWER,optics-17,31.04498138656887,0.4497359104344593,5.038647362500617,0.14365203578512947,0.01585014409221902,False,0.5029059622239103,10.034701665307775,441.7515487682744,22,3.0,1.0,2433187.5,754836.5,0.31022537309599035,0.31020546525559256,True,1300000.0,8.057886044540341,11.136915671315917,17.68804253679587,49.9491730471942,-0.14137977803852755,True,False,False,False,False,unchecked,unchecked
ALKEM,APOLLOHOSP,optics-5,1.9858002191843345,-0.06233768501282453,9.175495109598852,0.007438611406374305,0.001440922190201729,False,0.2726078536445221,5.686108165615349,274.69945185420545,32,4.0,1.0,2677500.0,1104812.5,-0.4126283846872082,5.619244596624329,True,16400000.0,8.68766456582633,12.00734126984127,19.07048319327731,28.808861219734798,-0.846544597123266,True,False,True,False,False,unchecked,unchecked
ALKEM,FORTIS,optics-5,1.3230534523693942,0.022645890295400425,8.462094140780257,0.013419873260609361,0.0025936599423631124,False,0.2775942901644259,6.192513987457379,278.2287903353037,30,4.0,1.0,2677500.0,718231.25,0.2682469654528478,10.845282386947316,True,29200000.0,7.799718837535015,10.780099206349206,17.121334033613447,32.500830810154305,-1.114827860931332,True,False,True,False,False,unchecked,unchecked
ALKEM,MANKIND,optics-5,5.507387745331295,-0.02138207168037059,8.782512787527,0.01046841060232715,0.002017291066282421,False,0.280010165275335,5.944462295936,278.1293928364214,32,4.0,1.0,2677500.0,595725.0,-0.22249299719887955,9.405586536459658,True,25200000.0,7.51833193277311,10.391190476190477,16.503655462184874,33.705186523519515,-1.0951105563690733,True,False,True,False,False,unchecked,unchecked
APOLLOHOSP,FORTIS,optics-5,1.379958663563886,0.5445030027573446,5.239257077058547,0.978672260773231,0.09596541786743518,False,0.4548753717263918,144.47771932502155,657.1667914737739,14,2.0,2.0,2209625.0,1436462.5,0.6500933416303671,0.19392058140784646,True,5000000.0,10.148074051026759,14.02579340385812,22.276260112009957,59.00153689797067,1.943844647966486,True,False,True,False,False,unchecked,unchecked
APOLLOHOSP,MANKIND,optics-5,3.1054926081671597,0.667754489230535,3.7885180194900774,0.7665757822820956,0.07492795389048991,False,0.4250700925874704,34.32067512315223,539.332989157387,9,2.0,3.0,2209625.0,1787175.0,0.8088137127340612,0.21124414104062578,True,3200000.0,11.124204333314477,15.374916558239521,24.418985121909827,44.173251792800585,1.9625434413244476,True,False,True,False,False,unchecked,unchecked
BAJAJ-AUTO,BOSCHLTD,optics-11,7.48695130015146,0.4684141045973635,4.237868756899735,0.5753224781931612,0.0521613832853026,False,0.4940913188027333,29.66367309935049,688.2979600866375,19,3.0,1.0,2679750.0,1216000.0,0.45377367291724974,0.03125531775499861,True,2300000.0,8.940708088441086,12.357076219796623,19.62594458438287,70.14163900517104,1.3372914164494396,True,False,True,True,False,unchecked,unchecked
BAJAJ-AUTO,EICHERMOT,optics-11,3.723758044578808,0.9891279164962025,0.38707686565830846,0.39364722891066706,0.03429394812680115,False,0.4715930541279596,16.954438410217552,559.078547830436,22,3.0,3.0,2679750.0,2417700.0,0.9022110271480549,0.08787224371953237,True,100000.0,11.698597816960538,16.168793730758466,25.67984886649874,43.54219923465323,1.8119364524141217,True,False,True,True,False,unchecked,unchecked
BAJAJ-AUTO,HEROMOTOCO,optics-11,4.324935189863707,-0.2643771006383845,11.445549643148093,0.8884612034166441,0.0867435158501441,False,0.48431114943241177,46.07002786674602,783.7149594902261,13,3.0,1.0,2679750.0,840000.0,-0.31346207668625803,0.1856627367852561,True,5900000.0,8.077791771620488,11.164427651833194,17.731738035264485,88.39685742385673,2.823684392976678,True,False,True,False,False,unchecked,unchecked
BAJAJ-AUTO,M&M,optics-11,7.940580778131541,-0.3724207406657889,12.19909615181672,0.8198012440553637,0.0792507204610951,False,0.47732145207562593,32.60200824531345,757.4991317763905,17,3.0,1.0,2679750.0,666800.0,-0.24882918182666294,0.33186003179677165,True,1400000.0,7.6802994682339785,10.615048045526636,16.85919395465995,89.86184438159508,2.733835055530326,True,False,True,False,False,unchecked,unchecked
BAJAJ-AUTO,MARUTI,optics-11,8.21644223998708,-0.4333712644299243,13.329398805535385,0.4312851473540724,0.038616714697406344,False,0.5017208664239433,24.347582731187174,704.3345703207675,17,3.0,2.0,2679750.0,1337600.0,-0.4991510402089747,0.15178619622041634,True,4100000.0,9.219778897285195,12.742783841776285,20.23853904282116,69.60330178285305,2.4603282921086924,True,False,False,False,False,unchecked,unchecked
BAJAJ-AUTO,TMPV,optics-11,17.50230228467303,-0.3324625591080841,11.134761934424423,0.7639602836244646,0.07406340057636888,False,0.5326112808116875,30.058741507419082,747.1871781840061,19,3.0,2.0,2679750.0,1022079.9999999999,-0.38140871349939354,0.1472230573049189,True,4100000.0,8.495663588021271,11.741974064744845,18.64901763224181,80.13153217166928,2.2417212232388626,True,False,False,False,False,unchecked,unchecked
BAJAJ-AUTO,TVSMOTOR,optics-11,1.2106483724693207,0.7822713949569228,2.7621141269386205,0.9023313748928898,0.08760806916426514,False,0.5170427784881725,30.76470055909921,607.1397254121877,1,3.0,3.0,2679750.0,2259705.0,0.84325216904562,0.07795347558637906,True,100000.0,11.336000839630563,15.667643436887769,24.883904282115868,48.79778659561399,1.2762080855536004,True,False,False,True,False,unchecked,unchecked
BAJAJ-AUTO,UNOMINDA,optics-11,11.312125385723725,-0.2716823918734321,11.09728818943602,0.9677308574167747,0.09337175792507205,False,0.5051499338440354,51.63307473901117,778.0970673661241,19,3.0,1.0,2679750.0,701800.0,-0.26189010168859034,0.03604315361520998,True,2300000.0,7.760624125384831,10.726065864353018,17.03551637279597,91.34998321608471,2.9659300731749965,True,False,False,True,False,unchecked,unchecked
BAJAJFINSV,BAJFINANCE,optics-4,3.7342624749673274,0.7358330661516213,2.500052655581835,0.5897168931283361,0.05273775216138329,False,0.320425189390334,31.96724933640229,477.63182052052053,7,4.0,2.0,2402400.0,1619850.0000000002,0.6742632367632369,0.08367363770480206,True,1000000.0,10.296718906093908,14.231237512487514,22.602553696303698,42.26352711628597,-0.788636440757133,True,False,True,True,False,unchecked,unchecked
BAJAJFINSV,CHOLAFIN,optics-4,3.8831916868658976,0.5089348582858332,3.7953839573620836,0.7024945828240395,0.06743515850144093,False,0.3819487811165852,35.06731330780841,603.159200677926,5,4.0,1.0,2402400.0,1164312.5,0.48464556277056275,0.04772574548554272,True,2200000.0,9.130570211038961,12.619487283549784,20.0427150974026,60.187374589392974,-0.4261783773583414,True,False,True,True,False,unchecked,unchecked
BAJFINANCE,CHOLAFIN,optics-4,0.524331344645236,0.811972248487363,0.8688548393472629,0.1189666143346717,0.014121037463976947,False,0.29408187737181,10.074923559379677,385.46122096848734,25,3.0,2.0,2429775.0,2328625.0,0.9583706310255065,0.1802997366115301,True,3700000.0,12.043979380806865,16.646150363716806,26.438003518844337,29.159631565503076,0.04429549545959491,True,False,True,False,False,unchecked,unchecked
BANKBARODA,BANKINDIA,optics-14,4.056168867980792,0.6024305287004443,2.618634275088672,0.8730218639436405,0.08530259365994236,False,0.47527925930651477,44.60656644626415,515.276379862948,23,4.0,2.0,2830230.0,1497600.0,0.5291442744935924,0.1216509634147263,True,3200000.0,9.404237288135594,12.997726333195535,20.643447705663498,49.92154287499009,-2.407972030694746,True,False,True,False,False,unchecked,unchecked
BANKBARODA,CANBK,optics-14,2.9278546726407013,0.7454205977745589,1.9493591045445797,0.3255688018158527,0.029682997118155623,False,0.39983627979960834,13.162688533876892,315.51945778469275,21,4.0,2.0,2830230.0,1732725.0,0.612220561579801,0.17869111289978368,True,1800000.0,9.915156453715777,13.703874773428309,21.764977581327315,28.993317967428947,-2.525152175175096,True,False,True,False,False,unchecked,unchecked
BANKBARODA,FEDERALBNK,optics-14,33.08611818371022,0.03583413944772139,5.404356209687712,0.6392695519324452,0.05878962536023055,False,0.4885935435035265,27.61966839278211,778.3949216192606,12,4.0,1.0,2830230.0,860625.0,0.30408306038731836,7.485847995064781,True,21600000.0,8.020110821382008,11.084706013292205,17.605121315228796,88.42823717959078,-1.6078238565577325,True,False,True,False,False,unchecked,unchecked
BANKBARODA,INDIANB,optics-14,5.230793779197137,0.5262283877951395,2.065316314573595,0.8665383026974944,0.08386167146974063,False,0.5144752879318586,58.46860835251224,625.5387456797604,12,4.0,1.0,2830230.0,882400.0,0.311776781392325,0.4075257271872995,True,3200000.0,8.0674272055628,11.150102641834764,17.70898654879639,70.64647589585253,-2.3341877309078636,True,False,False,False,False,unchecked,unchecked
BANKBARODA,INDUSTOWER,optics-14,1.2960097000834367,0.6380449465050985,1.7774407350825472,0.43220665229606253,0.03890489913544669,False,0.45930780355714496,17.838024442617208,562.1584050275818,12,4.0,2.0,2830230.0,1292000.0,0.45650000176664085,0.28453315982341526,True,1800000.0,8.95747501086484,12.380250015016447,19.66275002384965,57.180038839503105,-1.4055213963370552,True,False,True,False,False,unchecked,unchecked
BANKBARODA,LICHSGFIN,optics-14,10.22510596935346,-0.3131205840412061,7.575650932540354,0.5002084877778838,0.04495677233429395,False,0.46876413855824817,19.929444537717377,767.194542047812,26,4.0,1.0,2830230.0,535000.0,-0.18903057348696042,0.3963010318667381,True,3200000.0,7.312538026944807,10.106759874639163,16.051912742073966,95.58917424674308,-1.5643943674741374,True,False,True,False,False,unchecked,unchecked
BANKBARODA,MAHABANK,optics-14,16.267048589629372,-0.04059278421867445,5.776061108910277,0.4983304254290838,0.0446685878962536,False,0.4882253490661628,22.804746105632066,778.2572490404297,20,4.0,1.0,2830230.0,544700.0,-0.19245785678195765,3.7411839440522687,True,12400000.0,7.33361581920904,10.13589178264664,16.098181066556428,96.68884277332918,-1.3848154440882277,True,False,True,False,False,unchecked,unchecked
BANKBARODA,PNB,optics-14,1.3184983666883978,0.8690783530968036,1.4869698281772632,0.8845532226281159,0.08645533141210375,False,0.48736632090411214,46.718032142011154,506.5585714300793,12,4.0,2.0,2830230.0,1846400.0,0.6523851418435958,0.24933679510145518,True,1800000.0,10.162168622338115,14.045273705670564,22.307199414888544,45.41659954785591,-2.4712018214241787,True,False,True,False,False,unchecked,unchecked
BANKBARODA,RBLBANK,optics-14,11.434947103130535,-0.05391921665535769,5.915962561232812,0.4819805802714571,0.043227665706051875,False,0.4904454732814006,22.607425458135083,778.933543519606,18,4.0,1.0,2830230.0,1212850.0,-0.428534076735813,6.947705907430531,True,20200000.0,8.78548457192525,12.14253965225441,19.285210035933474,80.78040550953251,-1.3719491553961485,True,False,True,False,False,unchecked,unchecked
BANKBARODA,SBIN,optics-14,4.725976958177937,0.42318839378556705,2.6829662252281694,0.8369709341996561,0.08213256484149856,False,0.45976295418416785,39.81438385501736,668.362005512598,14,4.0,1.0,2830230.0,785625.0,0.27758344728166967,0.34406649294280167,True,3200000.0,7.857138200782269,10.859459301894193,17.24737653830254,77.5030340444318,-2.0552081959790267,True,False,True,False,False,unchecked,unchecked
BANKBARODA,UNIONBANK,optics-14,5.524197474351647,0.28528708851975315,4.1523908290121865,0.8822232113629196,0.08616714697406341,False,0.5236256388995002,51.813373828466794,712.3331020496761,8,4.0,1.0,2830230.0,823050.0,0.29080675422138835,0.019347758534305426,True,2500000.0,7.938461538461539,10.971857410881801,17.425891181988742,81.75571563145508,-2.1717994690472775,True,False,False,True,False,unchecked,unchecked
BANKINDIA,CANBK,optics-14,1.2301400761002315,0.8488982502450569,0.7941028391553928,0.5554110080297288,0.05014409221902018,False,0.4731530068652918,22.706968183333057,535.7876929711965,19,3.0,2.0,2246400.0,1732725.0,0.7713341346153846,0.09137033278992085,True,1900000.0,10.893704927884615,15.056340144230768,23.913010817307693,44.81139552560279,1.0174257743524724,True,False,True,True,False,unchecked,unchecked
BANKINDIA,FEDERALBNK,optics-14,16.51839531370126,0.3409749804319598,3.0477459177832027,0.6676788409625241,0.06340057636887608,False,0.43605458289777765,22.354833494064966,765.724002655779,28,3.0,1.0,2246400.0,860625.0,0.3831129807692308,0.12358091577243882,True,4900000.0,8.50614483173077,11.756460336538462,18.672025240384617,82.0183127216045,-0.9101582865694338,True,False,True,False,False,unchecked,unchecked
BANKINDIA,INDIANB,optics-14,0.8710927060310538,0.9731268826196755,-1.5885643999302594,0.4757222956591694,0.04293948126801153,False,0.4314042934708189,13.156264777909643,448.7523888240851,29,3.0,3.0,2246400.0,2647200.0,1.1784188034188035,0.21096110329053733,True,2700000.0,13.39727564102564,18.516559829059826,29.408653846153843,30.518390346709076,-0.935859990272698,True,False,True,False,False,unchecked,unchecked
BANKINDIA,INDUSTOWER,optics-14,3.026270005620548,0.9997613308242465,-1.040256666946069,0.04075085370836011,0.005475504322766571,False,0.3648345117824898,7.674175878568037,476.86743187625905,25,3.0,4.0,2246400.0,2584000.0,1.1502849002849003,0.15055950337322577,True,3000000.0,13.224252136752137,18.27742165242165,29.02884615384615,32.854728661895294,1.4955194003868353,True,False,True,False,False,unchecked,unchecked
BANKINDIA,LICHSGFIN,optics-14,24.056307468227324,-1.0443034930516581,11.52955441890983,0.1164672167788049,0.013832853025936601,False,0.41085524561724646,8.434268770956233,843.7075178562184,28,3.0,5.0,2246400.0,2675000.0,-1.1907941595441596,0.14027595183506203,True,1300000.0,13.473384081196581,18.621750356125357,29.575721153846153,57.05406224703326,0.01009815266447489,True,False,True,False,False,unchecked,unchecked
BANKINDIA,MAHABANK,optics-14,9.638570894443099,0.24350079331610497,3.9313079207058816,0.5661270351403059,0.05129682997118156,False,0.4845371894633944,26.41358299509964,892.8179969168872,8,3.0,1.0,2246400.0,544700.0,0.24247685185185186,0.004205084715776923,True,1900000.0,7.64123263888889,10.56105324074074,16.7734375,106.45617476046722,-0.4460211570326485,True,False,True,True,False,unchecked,unchecked
BANKINDIA,PNB,optics-14,7.7641104628808115,0.8167777144585155,1.0870086501779366,0.573343889166914,0.05187319884726225,False,0.41923942400736725,34.36500342601545,798.0521948444367,6,3.0,2.0,2246400.0,1846400.0,0.8219373219373219,0.006317027738969306,True,1900000.0,11.20491452991453,15.486467236467236,24.596153846153843,64.89243804833575,0.055307081180329704,True,False,True,True,False,unchecked,unchecked
BANKINDIA,RBLBANK,optics-14,5.654260956524428,0.3583916705949347,2.8905454386996556,0.6430087576120325,0.060230547550432285,False,0.439057392012976,27.533053457324424,899.4815106333535,18,3.0,1.0,2246400.0,1212850.0,0.5399082977207977,0.5064755741240948,True,3400000.0,9.470436030982908,13.089220530626783,20.78876201923077,86.53536076860014,-0.5727895773581878,True,False,True,False,False,unchecked,unchecked
BANKINDIA,SBIN,optics-14,0.7309413464263306,0.9226765529384893,-1.413723992193169,0.09745632935578269,0.01181556195965418,False,0.32714715893553037,9.257898449426765,416.12797670972515,22,3.0,3.0,2246400.0,2356875.0,1.049178685897436,0.13710344384071496,True,3400000.0,12.602448918269232,17.418018830128208,27.663912259615387,30.084535607582975,-0.7907329362336427,True,False,True,False,False,unchecked,unchecked
BANKINDIA,UNIONBANK,optics-14,1.4652551295835106,0.7373941897989751,1.2025424193322636,0.7273209092795097,0.069164265129683,False,0.4354581633064692,23.258014275575363,514.0551233790143,22,3.0,2.0,2246400.0,1646100.0,0.7327724358974359,0.0062676841850342535,True,1900000.0,10.656550480769232,14.728565705128204,23.392427884615383,43.950557497889776,-1.6761695467077082,True,False,True,True,False,unchecked,unchecked
BDL,BEL,optics-15,11.71790252546461,-0.2860394543693019,8.957941572814285,0.2373607093135235,0.02276657060518732,False,0.4061871935435314,13.166968521417475,847.0934573771405,25,5.0,1.0,2775250.0,586957.5,-0.2114971624178002,0.26060143386814427,True,2000000.0,7.450707548869471,10.297725880551301,16.355211692640303,103.58697561320162,-0.7205399160222821,True,False,True,False,False,unchecked,unchecked
BDL,COCHINSHIP,optics-15,0.5412796852480435,0.7689263067471337,1.5764906292078995,0.08686947141431106,0.010951008645533142,False,0.444614997760008,9.151547463818359,442.8310861972249,42,5.0,3.0,2775250.0,1842000.0,0.6637239888298352,0.1368171656947809,True,1400000.0,10.231902531303486,14.1416539050536,22.460273849202775,39.43238530129882,-0.9671714228883823,True,False,True,False,False,unchecked,unchecked
BDL,HAL,optics-15,2.440588936039704,0.7655339921442899,0.8065790663169479,0.5885435969517087,0.05244956772334294,False,0.42395909276382227,22.441237707442355,663.5027944800092,19,5.0,3.0,2775250.0,2187495.0,0.7882154760832357,0.029628317189958044,True,2500000.0,10.9975251779119,15.199831546707502,24.140908927123682,54.96916429145103,-1.96665559745489,True,False,True,True,False,unchecked,unchecked
BDL,IRFC,optics-15,1.67718525653568,0.5217606642959011,4.7931057332299645,0.18425923225645985,0.017579250720461098,False,0.45018455862437695,10.58069357423285,528.2863675902103,28,5.0,3.0,2775250.0,1365472.5,0.4920178362309702,0.05700473435472156,True,1400000.0,9.175909692820467,12.682151607963247,20.142240789118098,52.4555706707288,1.3328788751394658,True,False,True,True,False,unchecked,unchecked
BDL,MAZDOCK,optics-15,0.6589759472614012,0.9576447446586235,-0.27273397940072736,0.2557219694895736,0.023919308357348706,False,0.44619610079262484,13.438835326144087,492.3740766446264,35,5.0,4.0,2775250.0,2299500.0,0.8285740023421313,0.13477935637030275,True,100000.0,11.245730114404108,15.542879019908115,24.685749031618773,39.891362098348196,-1.3412166968094013,True,False,True,False,False,unchecked,unchecked
BDL,RVNL,optics-15,2.062759022301229,0.41030836712157337,4.905078124739077,0.21819159713987124,0.020172910662824207,False,0.386665131351443,11.82208138981998,586.6635659877795,20,5.0,2.0,2775250.0,824747.0,0.2971793532114224,0.2757170532587046,True,900000.0,7.977653022250248,11.02602450229709,17.511921268354204,67.0016221518697,1.1509106173549508,True,False,True,False,False,unchecked,unchecked
BDL,SOLARINDS,optics-15,12.015591127030993,-0.22224897346102984,9.368833383933156,0.17792024755970554,0.01729106628242075,False,0.40588045331429806,11.877575259991014,794.3200119636847,20,5.0,1.0,2775250.0,1020000.0,-0.3675344563552833,0.6537059795226838,True,4200000.0,8.410336906584993,11.624042879019909,18.461715160796324,86.05051102190471,0.1426626744409008,True,False,True,False,False,unchecked,unchecked
BEL,COCHINSHIP,optics-15,11.519847361915874,-0.07707344795116383,6.595601395028828,0.06108277292258606,0.007204610951008645,False,0.39883541796570543,9.383688353899569,477.60858204993065,32,4.0,1.0,2347830.0,614000.0,-0.26151808265504745,2.393102159134668,True,7400000.0,7.758336208328542,10.722903702567903,17.03049411584314,56.08863475142751,-0.19656184932817558,True,False,True,False,False,unchecked,unchecked
BEL,HAL,optics-15,5.754823862411936,-0.18935227580632277,7.618252550289894,0.02631120580210366,0.003170028818443804,False,0.38186163822922425,7.784498672232484,464.11733490388167,37,4.0,1.0,2347830.0,729165.0,-0.31056976016151083,0.6401691441996411,True,3300000.0,8.060004024993292,11.13984296137284,17.692691762180395,52.46429894810819,0.21424136118894463,True,False,True,False,False,unchecked,unchecked
BEL,IRFC,optics-15,18.65527995756796,-0.05979812766919345,6.308260218826148,0.0768189966808554,0.009510086455331412,False,0.39336906327573323,9.911740784900198,477.00179032760497,36,4.0,1.0,2347830.0,455157.50000000006,-0.19386305652453545,2.241958637852285,True,6800000.0,7.342257797625893,10.14783598045855,16.11715126308123,59.191823981977464,-0.4737151910352149,True,False,True,False,False,unchecked,unchecked
BEL,MAZDOCK,optics-15,9.11328036558437,-0.11157819546991618,6.903145612768897,0.046844763035343864,0.006051873198847263,False,0.3880305443918497,8.756936233830173,476.2684819929882,34,4.0,1.0,2347830.0,574875.0,-0.24485375857706904,1.1944588505474327,True,4500000.0,7.655850615248975,10.581256947905088,16.805525740790433,56.6799860163836,-0.1457994480162567,True,False,True,False,False,unchecked,unchecked
BEL,RVNL,optics-15,14.905575986551545,-0.0020845933532815247,6.040396653064031,0.08566481868877818,0.010086455331412104,False,0.39543498137084676,10.555774632968854,483.25049381266695,28,4.0,1.0,2347830.0,412373.5,-0.175640272081028,83.25637153862101,True,inf,7.230187673298322,9.992942312688738,15.871143673093878,60.89674490590298,-0.17440296194287702,True,False,True,False,False,unchecked,unchecked
BEL,SOLARINDS,optics-15,8.888096104535899,0.0001994801253661557,6.026650268168785,0.08593584624068251,0.01037463976945245,False,0.3952339393662869,10.575630247870217,483.26088796921186,28,4.0,1.0,2347830.0,1020000.0,0.43444372037157714,2176.879723978186,True,inf,8.8218288802852,12.192771623158405,19.364990225016292,49.910780470719835,-0.1624208805487018,True,False,True,False,False,unchecked,unchecked
BOSCHLTD,EICHERMOT,optics-11,18.320978288153462,0.47049483280138393,6.357302461624318,0.8727536989965399,0.08501440922190202,False,0.5134360549503983,57.434342694660586,841.0587130583227,22,2.0,1.0,2432000.0,805900.0,0.3313733552631579,0.2956918287707427,True,3100000.0,8.187946134868422,11.316673519736842,17.973540296052633,93.58854173465612,2.4137699267754793,True,False,False,False,False,unchecked,unchecked
BOSCHLTD,HEROMOTOCO,optics-11,6.809367500935481,-0.04259793279629372,10.902757612519613,0.9710157200365984,0.09481268011527377,False,0.5288984567653661,135.52408043506125,884.247519947977,12,2.0,1.0,2432000.0,840000.0,-0.34539473684210525,7.1082511326032405,True,17700000.0,8.274177631578947,11.435855263157896,18.16282894736842,97.36892006309337,2.907401934665947,True,False,False,False,False,unchecked,unchecked
BOSCHLTD,M&M,optics-11,2.932619203602226,0.18585038992572842,9.026723323225964,0.979977928716839,0.09654178674351585,False,0.5269464330172254,295.26459441557364,874.5592993268496,14,2.0,1.0,2432000.0,666800.0,0.27417763157894737,0.4752599211038366,True,3100000.0,7.836192434210526,10.830509868421052,17.201398026315786,101.68467679067636,2.9486073728425928,True,False,False,False,False,unchecked,unchecked
BOSCHLTD,MARUTI,optics-11,4.436981802011497,0.12915796634448665,9.298034114998929,0.9814048099276201,0.09711815561959655,False,0.5230837573421405,365.9910411784956,877.1747455954512,22,2.0,1.0,2432000.0,668800.0,0.275,1.1291756736593965,True,4300000.0,7.84125,10.837499999999999,17.2125,101.92299149983457,3.0439715023072718,True,False,False,False,False,unchecked,unchecked
BOSCHLTD,TMPV,optics-11,4.023283728461015,0.22875363586866154,9.18711269305044,0.9904437960603423,0.09971181556195965,False,0.5234542756341388,inf,861.0592471117061,18,2.0,1.0,2432000.0,511039.99999999994,0.2101315789473684,0.08140660519155625,True,1900000.0,7.442309210526315,10.286118421052631,16.33677631578947,105.41360553238322,3.321417655987784,True,False,False,True,False,unchecked,unchecked
BOSCHLTD,TVSMOTOR,optics-11,6.609199808717438,0.5842119574613287,5.748620208248112,0.8348317471645426,0.08184438040345822,False,0.5111771916941464,44.25104580296789,792.6450499725661,20,2.0,2.0,2432000.0,1506470.0,0.619436677631579,0.0602944183534311,True,100000.0,9.95953556743421,13.765211759868421,21.862395148026316,72.51218767255007,1.9589776088171191,True,False,False,True,False,unchecked,unchecked
BOSCHLTD,UNOMINDA,optics-11,1.9227805662459996,0.49870878151117387,7.0050781135497155,0.9671161735594292,0.09308357348703171,False,0.4765471755244856,117.52726768861768,804.8244672361493,18,2.0,2.0,2432000.0,1403600.0,0.5771381578947369,0.15726487940699266,True,5500000.0,9.699399671052634,13.405674342105264,21.29136513157895,75.60102062619262,2.7411542562708213,True,False,True,False,False,unchecked,unchecked
BPCL,GAIL,optics-16,4.156337454338756,0.5665118873685955,2.8943088043452665,0.7830524700623029,0.07579250720461095,False,0.5092666341147681,41.05724444444923,839.862098973591,8,4.0,2.0,2522075.0,1214810.0,0.4816708464260579,0.14976038955972795,True,2900000.0,9.112275705520258,12.594202194621493,20.00255642675178,83.97547603968702,-0.49387907564404393,True,False,False,False,False,unchecked,unchecked
BPCL,HINDPETRO,optics-16,0.5492951961943019,0.8217007999305137,0.8496863990539018,0.6008883124934092,0.054466858789625365,False,0.4926877072409205,22.70777868293193,378.7515597353942,18,4.0,3.0,2522075.0,2211300.0,0.8767780498200887,0.06702835131015147,True,1600000.0,11.542185006393547,15.952613423470755,25.336503672571197,29.897697380039318,1.8638087076824488,True,False,True,True,False,unchecked,unchecked
BPCL,IOC,optics-16,0.6558772154599516,1.006113939642078,0.7481268958969042,0.6807550134396173,0.06426512968299712,False,0.45845269647826514,16.905442460082938,325.4613791128853,24,4.0,4.0,2522075.0,2673450.0,1.0600200231951864,0.05357850779036554,True,100000.0,12.669123142650397,17.510170197159084,27.810270313135018,23.405840752232262,2.0602163337423387,True,False,True,True,False,unchecked,unchecked
BPCL,PETRONET,optics-16,1.9615795262510094,1.2911339612912922,-1.4701807738082115,0.9187577905863651,0.08962536023054755,False,0.30720575094216934,22.13710841980464,745.0337442071815,14,4.0,6.0,2522075.0,3328800.0,1.3198655868679559,0.022253016679948917,True,1100000.0,14.267173359237932,19.718857488377626,31.318185422717406,47.57834683913412,-1.252216507004932,True,False,True,True,False,unchecked,unchecked
BRITANNIA,NESTLEIND,optics-9,6.620279991637332,-0.4098745837431945,11.595026605130675,0.05954639461708279,0.0069164265129683005,False,0.4634546351491255,9.168493740524443,424.8600484552031,24,4.0,1.0,2654250.0,727300.0,-0.27401337477630217,0.331470196873724,True,3000000.0,7.835182254874258,10.829113685598568,17.199180559480077,49.40468494832133,-0.7780445724369496,True,False,True,False,False,unchecked,unchecked
BRITANNIA,TATACONSUM,optics-9,0.8947547391747291,0.36023710584627094,6.119243001563025,0.6027251600729616,0.05475504322766571,False,0.36736361295058445,24.288673577716246,513.9273826767233,18,4.0,2.0,2654250.0,1144770.0,0.4312969765470472,0.19725860980878693,True,3000000.0,8.80247640576434,12.1660243006499,19.322509183385137,53.194683754492345,-0.8752077849079513,True,False,True,False,False,unchecked,unchecked
CAMS,CDSL,optics-0,3.071069018086315,0.2882163664965095,4.535579216684686,0.41629657734998454,0.03659942363112392,False,0.4410954863781442,17.64348737931916,535.9700536119097,20,4.0,1.0,2514600.0,671982.5,0.2672323630000795,0.07280642578180622,True,2300000.0,7.793479032450489,10.771475085500676,17.107636900501074,62.65857251111186,0.17635149667514982,True,False,True,True,False,unchecked,unchecked
CAMS,KFINTECH,optics-0,3.995757393136662,0.09032045735821694,5.998428877570009,0.3860032548998653,0.03400576368876081,False,0.4390640054266759,16.92206634781661,601.9619019087297,26,4.0,1.0,2514600.0,546221.25,0.21721993557623478,1.404991537130133,True,5400000.0,7.4859026037938445,10.346369452397996,16.43246913027917,73.26493628392448,0.3030698385456557,True,False,True,False,False,unchecked,unchecked
CANBK,FEDERALBNK,optics-14,21.172626906982632,0.1729892488629683,3.9354133330115144,0.6238300664628669,0.05677233429394814,False,0.5131879993100898,31.30885648205148,908.3718712011873,12,3.0,1.0,2599087.5,860625.0,0.33112582781456956,0.9141410809689542,True,4800000.0,8.186423841059602,11.314569536423841,17.970198675496686,101.09758802386534,-1.0034030669714211,True,False,False,False,False,unchecked,unchecked
CANBK,INDIANB,optics-14,2.0239955187234737,0.7696682028313747,-0.27305750700906367,0.7630062458701306,0.07348703170028818,False,0.5187452330735153,34.862440612331554,671.4353717446108,12,3.0,2.0,2599087.5,1764800.0,0.6790075362987972,0.11779188252686623,True,3100000.0,10.325896348237604,14.271564058539777,22.666601740033762,59.24446720733805,-1.3786603643544815,True,False,False,False,False,unchecked,unchecked
CANBK,INDUSTOWER,optics-14,3.4909611410931403,0.8406670064054081,-0.1389334073238496,0.2630995142942119,0.024783861671469738,False,0.44760780210504064,14.882035908509181,638.983076621323,15,3.0,3.0,2599087.5,1938000.0,0.7456463085602159,0.11303012622261632,True,4300000.0,10.735724797645329,14.837993622761834,23.566225165562916,54.22871691432894,-0.0001826326764417565,True,False,True,False,False,unchecked,unchecked
CANBK,LICHSGFIN,optics-14,22.76072648064592,-0.6807313314607345,9.188345679876209,0.32759434001386334,0.029971181556195967,False,0.47424399266350586,15.61757030697942,904.2813574212802,16,3.0,3.0,2599087.5,1605000.0,-0.6175244196280425,0.09285148032934028,True,100000.0,9.947775180712462,13.748957566838362,21.836579664978572,82.82261886201559,-0.6308762741247574,True,False,True,True,False,unchecked,unchecked
CANBK,MAHABANK,optics-14,13.669290080269128,0.0287880027015827,4.782882267236317,0.41625354877706555,0.03631123919308358,False,0.5207250451908653,26.2583867019344,957.2620149484062,16,3.0,1.0,2599087.5,544700.0,0.20957355225632074,6.2798920588123615,True,16900000.0,7.438877346376373,10.281375194178725,16.32924295546033,117.24511877977879,-0.5808973973077947,True,False,False,False,False,unchecked,unchecked
CANBK,PNB,optics-14,6.419694695346836,1.0987229062633381,-0.3020407859204887,0.4553192326151139,0.04092219020172911,False,0.4588578763669881,31.69663477741085,594.8023477286716,12,3.0,3.0,2599087.5,2769600.0,1.0656047555151567,0.03014240493157046,True,100000.0,12.703469246418214,17.55764042187883,27.885664199454617,42.660081070638775,-1.0151092882299144,True,False,True,True,False,unchecked,unchecked
CANBK,RBLBANK,optics-14,7.600409016700894,0.11824431734940956,4.222306476777295,0.5314351651959857,0.04726224783861672,False,0.5184422139094872,29.433887222640497,950.3926784188266,12,3.0,1.0,2599087.5,1212850.0,0.46664454351767687,2.946443719056297,True,9100000.0,9.019863942633714,12.466478619900254,19.79970133748864,96.00070851769452,-0.742406505038818,True,False,False,False,False,unchecked,unchecked
CANBK,SBIN,optics-14,2.5162435363258346,0.6524971634898211,0.3987591226818158,0.729839173833347,0.07002881844380404,False,0.48169143741682846,34.792122802040865,728.3557704060706,18,3.0,2.0,2599087.5,1571250.0,0.604539093047079,0.0734992780447394,True,2200000.0,9.867915422239536,13.638582290900171,21.661277756135565,67.24956658660301,-1.1199055588721512,True,False,True,True,False,unchecked,unchecked
CANBK,UNIONBANK,optics-14,3.8307341473671426,0.46888466193864115,2.516680998416073,0.7973992580614642,0.07694524495677234,False,0.5537274115652782,48.855421103688236,801.0198430373429,10,3.0,1.0,2599087.5,823050.0,0.3166688308877635,0.3246338458194156,True,1300000.0,8.097513309959746,11.19168506254599,17.775029216984805,90.12866682344847,-1.400621402267631,True,False,False,False,False,unchecked,unchecked
CDSL,KFINTECH,optics-0,0.49970760428767796,0.8916937075153114,1.0907505939103488,0.23303683579033102,0.021037463976945246,False,0.35700167733675886,12.818807174766992,504.9247844256443,30,4.0,4.0,2687930.0,2184885.0,0.812850409050831,0.08841970936878753,True,100000.0,11.149030015662612,15.409228476932064,24.473480522186218,41.26301397693795,0.9923280873098664,True,False,True,True,False,unchecked,unchecked
CIPLA,DRREDDY,optics-6,3.3137027582170044,0.03989476169797631,6.977222762873457,0.6660297864271738,0.06311239193083575,False,0.505327861050549,35.92776971164472,748.2780386925547,8,4.0,1.0,2419950.0,736250.0,0.30424182317816484,6.626109549956222,True,16700000.0,8.021087212545716,11.086055497014403,17.607264612905226,84.99651196746429,0.020479147728790666,True,False,False,False,False,unchecked,unchecked
CIPLA,GLENMARK,optics-6,12.354912368228536,-0.4728392544702274,10.876546619988705,0.421362426252536,0.037463976945244955,False,0.4742018339098657,18.43779048817963,658.5450129617876,12,4.0,1.0,2419950.0,943125.0,-0.3897291266348478,0.17576824903951085,True,1600000.0,8.546834128804315,11.812697576396207,18.761343209570448,70.20233099577366,1.3161124304294463,True,False,True,False,False,unchecked,unchecked
CIPLA,LUPIN,optics-6,15.689432576728699,-0.6342365665609002,12.138993212341182,0.5464604231098488,0.04870317002881845,False,0.4041268242992801,14.250128430429623,575.1258554888243,16,4.0,2.0,2419950.0,1845775.0,-0.7627327010888655,0.2025996943454803,True,2800000.0,10.840806111696523,14.983227959255355,23.796891464699684,48.336217051035106,-0.08988911038074855,True,False,True,False,False,unchecked,unchecked
CIPLA,SUNPHARMA,optics-6,10.012661198342236,-0.1440636436978629,8.338424426802652,0.6373568737529656,0.05792507204610951,False,0.5123951294830709,32.91244376251209,743.4364425387055,8,4.0,1.0,2419950.0,672000.0,-0.2776916878447902,0.9275625738522786,True,4600000.0,7.85780388024546,10.860379346680716,17.248837785904666,86.20133736154952,0.15579298636429106,True,False,False,False,False,unchecked,unchecked
CIPLA,ZYDUSLIFE,optics-6,4.568401703561838,0.30242087459291855,5.178293404501791,0.6691080189506802,0.06368876080691643,False,0.4862133904645329,36.343898300082124,700.1463954602893,3,4.0,1.0,2419950.0,1071900.0,0.4429430360131408,0.46465761204273914,True,3400000.0,8.874099671480817,12.265015806111697,19.4797309861774,71.88460620499383,-0.8473946428867996,True,False,True,False,False,unchecked,unchecked
COCHINSHIP,HAL,optics-15,2.3307025977953204,0.8865226097840625,-0.0856330657251557,0.898848989606847,0.08731988472622479,False,0.33131705757414204,26.11314235882276,718.8544689543152,13,4.0,3.0,2456000.0,2187495.0,0.8906738599348534,0.004682621858682238,True,2200000.0,11.627644238599348,16.070727809446254,25.52409710912052,56.32751402575153,-1.4438174779071342,True,False,True,True,False,unchecked,unchecked
COCHINSHIP,IRFC,optics-15,1.9055877060997177,0.5818231949725572,4.635709837637256,0.29570737128277647,0.026801152737752163,False,0.4661869223199808,13.580412044384472,587.616916886914,21,4.0,3.0,2456000.0,1365472.5,0.5559741449511401,0.04442767191953623,True,2200000.0,9.569240991449512,13.22578023208469,21.00565095684039,55.94846054466685,2.098593350139103,True,False,True,True,False,unchecked,unchecked
COCHINSHIP,MAZDOCK,optics-15,0.46731318265242877,1.1699568952145423,-1.8133574139489022,0.11086323263664566,0.013544668587896254,False,0.4309545774069538,10.431566499877052,420.2512305443153,19,4.0,5.0,2456000.0,2874375.0,1.1703481270358307,0.0003343984918492877,True,1800000.0,13.347640981270358,18.44795907980456,29.29969971498371,28.686384818435602,-0.7046621190979332,True,False,True,True,False,unchecked,unchecked
COCHINSHIP,RVNL,optics-15,2.0564806331379573,0.4595059149597118,4.749421578005383,0.38428403810170897,0.03342939481268012,False,0.419102566470784,16.251450742302506,649.6368499445251,20,4.0,3.0,2456000.0,1237120.5,0.5037135586319218,0.0962069088405227,True,1600000.0,9.24783838558632,12.781565248371336,20.300133041530945,64.00321107408195,1.857872086289207,True,False,True,True,False,unchecked,unchecked
COCHINSHIP,SOLARINDS,optics-15,11.996286427588611,-0.19931078657583381,9.271984542097337,0.36203030123432955,0.03256484149855908,False,0.48494905039599145,17.226040389302433,910.6396389166407,20,4.0,1.0,2456000.0,1020000.0,-0.4153094462540717,1.083727897466576,True,4700000.0,8.70415309446254,12.030130293159608,19.106677524429966,95.32161075647913,0.4625308111635528,True,False,True,False,False,unchecked,unchecked
COFORGE,HCLTECH,optics-18,4.838601336845013,0.6673067731609309,2.5044849403262455,0.9598836685761986,0.09250720461095101,False,0.5870279421203495,191.77037399861584,1348.612904520402,2,3.0,3.0,2870805.0,1579320.0,0.5501314091343718,0.17559444732070864,True,2800000.0,9.533308166176386,13.17611697764216,20.926774023314017,128.88875304124227,2.3046500992067305,True,False,False,False,False,unchecked,unchecked
COFORGE,INFY,optics-18,4.095597314672855,0.5645924313136894,3.271706430116594,0.9854734358787828,0.09884726224783863,False,0.5879719527881259,7106.216028161195,1375.1832640445516,12,3.0,3.0,2870805.0,1372800.0,0.4781933987156912,0.1530290308656203,True,3700000.0,9.090889402101501,12.564643889083376,19.95561088266183,137.8242211807569,2.6210909556129858,True,False,False,False,False,unchecked,unchecked
COFORGE,KPITTECH,optics-18,9.833472029119926,0.3457876965248362,4.992076294429814,0.9852786831762007,0.09855907780979828,False,0.5141133313375882,inf,1274.9031998771484,14,3.0,2.0,2870805.0,944570.0,0.32902617906824044,0.04847343507316452,True,2400000.0,8.173511001269679,11.296722522080044,17.941853417421246,142.11499450098486,3.1276471499083462,True,False,False,True,False,unchecked,unchecked
COFORGE,LTM,optics-18,4.017022823133598,0.669843936859723,1.647094930187695,0.9800623561289704,0.0968299711815562,False,0.5388138774479845,373.0837270226506,1174.4219705633545,4,3.0,2.0,2870805.0,1402500.0,0.48853892897636725,0.27066753598357074,True,100000.0,9.154514413204659,12.652580896299122,20.095275541180957,116.885381159032,2.5621980516044363,True,False,False,False,False,unchecked,unchecked
COFORGE,MPHASIS,optics-18,1.4024144483088385,1.2318069294317595,-2.310589139382623,0.970821384961053,0.09452449567723344,False,0.4498122784829198,129.1057679395642,860.9797001862235,9,3.0,5.0,2870805.0,3375625.0,1.1758461476833153,0.045429831909014576,True,2500000.0,13.38145380825239,18.49469225530818,29.373922993724758,58.622043801923034,3.5241887276208272,True,False,True,True,False,unchecked,unchecked
COFORGE,NAUKRI,optics-18,1.0440530893238409,1.0026727803402011,0.24423395286271352,0.2922499743968402,0.02622478386167147,False,0.4396552586845467,13.77904601768508,732.8477326534513,19,3.0,3.0,2870805.0,2234100.0,0.7782137762752956,0.22386067365740978,True,2600000.0,10.936014724093068,15.114817098340012,24.005885979716492,61.055670536189574,1.8264449408857424,True,False,True,False,False,unchecked,unchecked
COFORGE,OFSS,optics-18,12.914741740656225,0.30075353018333423,4.61360742688587,0.8270515256643186,0.08040345821325649,False,0.5564533741493654,62.61031663206988,1531.155937780187,2,3.0,1.0,2870805.0,1219000.0,0.4246195753455912,0.41185233997669235,True,3400000.0,8.761410388375387,12.109266390437526,19.232364267165483,159.22701093949829,1.0774059918882573,True,False,False,False,False,unchecked,unchecked
COFORGE,PERSISTENT,optics-18,5.851976333916258,1.1487298796950496,-2.539004375692673,0.8232103025021416,0.07953890489913545,False,0.49714636024983005,46.23665110382204,1074.4958335492272,6,3.0,4.0,2870805.0,2937500.0,1.0232321596207337,0.10924911268751143,True,1600000.0,12.442877781667512,17.197473356776236,27.313634154879903,78.67834997396389,1.6563346617322299,True,False,True,False,False,unchecked,unchecked
COFORGE,TATAELXSI,optics-18,4.707966264526099,0.5013108905281325,3.104755078285403,0.985787350505126,0.09913544668587895,False,0.5988765326271601,inf,1418.9185313343094,16,3.0,3.0,2870805.0,1381875.0,0.4813545329620089,0.03980834636386912,True,100000.0,9.110330377716355,12.591513530177075,19.99828619498712,141.90401292386576,2.7249125832743113,True,False,False,True,False,unchecked,unchecked
COFORGE,TCS,optics-18,3.271376749981571,0.6354652150335754,2.320913385877777,0.9780316577506128,0.09538904899135447,False,0.5769554601561767,inf,1295.8865891870387,10,3.0,3.0,2870805.0,1580850.0,0.550664360693255,0.1334468863662977,True,3800000.0,9.53658581826352,13.180647065892668,20.933968869358942,123.80706184041654,2.7536369541990107,True,False,False,False,False,unchecked,unchecked
COFORGE,TECHM,optics-18,5.874727652339702,1.4856942206895352,-3.5235602300337296,0.7983837025661413,0.07752161383285303,False,0.5142420101180476,55.56091083781501,1296.8722230588078,12,3.0,4.0,2870805.0,3938160.0,1.3717964125045066,0.07666302163588329,True,1700000.0,14.586547936902718,20.16026950628831,32.019251568810844,81.00577993035033,1.0266364827294856,True,False,False,True,False,unchecked,unchecked
COFORGE,WIPRO,optics-18,3.2960381421090474,0.6578007181570628,3.801245426356851,0.9847127624317626,0.09798270893371758,False,0.5568577136545859,1695.8048716264195,1309.115828206014,12,3.0,3.0,2870805.0,1628550.0,0.5672799092937347,0.13761129528246338,True,3800000.0,9.638771442156468,13.321879228996744,21.15827877546542,123.74502123717456,2.960297066971078,True,False,False,False,False,unchecked,unchecked
COLPAL,DABUR,optics-10,0.6491796692294636,0.5191144982636421,4.460425574981758,0.1777970585379408,0.017002881844380403,False,0.42235720410081085,11.66890986704484,366.1592696874699,19,5.0,3.0,2511987.5,1447500.0,0.576236943854219,0.11003823969787524,True,800000.0,9.693857204703447,13.398014022760862,21.279198742031955,34.41476101862896,-1.141887858376648,True,False,True,False,False,unchecked,unchecked
COLPAL,GODREJCP,optics-10,0.8881742638051565,0.5399080994589454,3.871471503161798,0.2049955042769505,0.018731988472622477,False,0.45178794907032754,12.090576583039317,419.71100420890474,19,5.0,3.0,2511987.5,1372500.0,0.5463801073850885,0.011987239925885277,True,2300000.0,9.510237660418294,13.144230912773253,20.876131449698693,40.20965332779244,-1.017081154150467,True,False,True,True,False,unchecked,unchecked
COLPAL,MARICO,optics-10,7.075749391263242,-0.3766624525272556,10.163612286091931,0.26138562960755174,0.024495677233429394,False,0.5312317974754979,13.053697674603718,538.5159157356902,35,5.0,1.0,2511987.5,995580.0,-0.3963315900258262,0.05221953334238247,True,2300000.0,8.587439278658831,11.868818515219523,18.850476465348653,57.13552299068956,-2.259666619256317,True,False,False,True,False,unchecked,unchecked
CUMMINSIND,SIEMENS,optics-2,7.7694229619099,1.2540274182546374,-1.7217870439868888,0.35083712393666333,0.0314121037463977,False,0.45179063594279734,15.795006309881868,692.1538628317801,14,2.0,4.0,2077200.0,2862300.0,1.3779607163489314,0.09882822041226584,True,900000.0,14.624458405545928,20.212666088965914,32.10246967071057,43.121533634733574,-2.1918247572684515,True,False,True,True,False,unchecked,unchecked
DABUR,GODREJCP,optics-10,0.6494531529036502,1.0277775474072537,-1.0483871949771335,0.0861221941418619,0.010662824207492795,False,0.4033146804228671,9.341560212748776,413.81190026631833,29,5.0,6.0,2412500.0,2745000.0,1.1378238341968911,0.10707208682194724,True,100000.0,13.147616580310881,18.171502590673576,28.86062176165803,28.676575555698978,-0.09938059588333858,True,False,True,False,False,unchecked,unchecked
DABUR,MARICO,optics-10,9.16337688215499,-0.9674143368430933,12.593999320399533,0.26802603218709775,0.02507204610951009,False,0.5491533937416802,13.063711151356824,638.6264092567943,33,5.0,2.0,2412500.0,1991160.0,-0.8253512953367875,0.1468481870652153,True,800000.0,11.225910466321244,15.515486010362693,24.64224248704663,51.831841975623185,-2.132176086551377,True,False,False,False,False,unchecked,unchecked
DLF,GODREJPROP,optics-13,1.7891278441028715,0.8737157139933235,-0.11208916585221904,0.4655300901659058,0.04178674351585014,False,0.5170084609745929,22.455090918704173,550.4439383402495,21,4.0,3.0,2583240.0,1978372.5,0.7658492822966507,0.12345712680806496,True,3000000.0,10.859973086124402,15.00971889952153,23.838965311004785,46.180187030697006,-0.3590026539811952,True,False,False,False,False,unchecked,unchecked
DLF,LODHA,optics-13,1.13449022966443,0.6521238873085651,1.9563431197981704,0.5462961860105983,0.0484149855907781,False,0.38226481970330795,27.760186520805572,521.5007258483922,11,4.0,2.0,2583240.0,1592500.0,0.6164738855081215,0.05466752942846125,True,1000000.0,9.941314395874947,13.740028026819033,21.822397454359642,47.79499841289965,-1.8633922990135285,True,False,True,True,False,unchecked,unchecked
DLF,OBEROIRLTY,optics-13,6.895063338820917,0.5909694148685362,2.106084645298337,0.7568507053223068,0.07262247838616716,False,0.4444926561211037,55.28420483318107,1017.6243214346099,5,4.0,2.0,2583240.0,1309000.0,0.5067279850110714,0.14254786751731413,True,3000000.0,9.26637710781809,12.807187872594108,20.340827797649467,100.05731640402598,-0.3583696927853228,True,False,True,False,False,unchecked,unchecked
DLF,PHOENIXLTD,optics-13,19.754818138114725,-0.034891710305582364,6.747486335291781,0.6889114758881605,0.06628242074927954,False,0.4822545749578352,37.505086457147264,1099.9571385871755,14,4.0,1.0,2583240.0,670950.0,-0.2597319645096855,6.443944771836842,True,17800000.0,7.7473515817345655,10.707721698332326,17.00638152088075,129.3581632561433,0.3458487351364966,True,False,True,False,False,unchecked,unchecked
DLF,PRESTIGE,optics-13,1.7632371998840162,0.9711726369869219,-0.6297669579674192,0.6383101634020794,0.0585014409221902,False,0.33326757736436374,20.075533591935816,527.1564059694432,29,4.0,3.0,2583240.0,2143800.0,0.8298880475681703,0.14547834652455743,True,3000000.0,11.253811492544248,15.554048404329446,24.7034886421703,42.678701264043845,-0.11762604619701429,True,False,True,False,False,unchecked,unchecked
DRREDDY,GLENMARK,optics-6,4.0016117520799925,0.09158174516071657,6.436686695487212,0.12848671385739457,0.01440922190201729,False,0.41996938217390534,11.133794629876324,385.9085461512719,25,3.0,1.0,2208750.0,943125.0,0.42699490662139217,3.6624456202713747,True,9300000.0,8.776018675721563,12.129456706281834,19.264431239388795,40.064359165946044,-2.1300634192051584,True,False,True,False,False,unchecked,unchecked
DRREDDY,LUPIN,optics-6,5.832286757826694,0.022714137162286086,6.962116735711637,0.10968282834591941,0.01325648414985591,False,0.42466470999100053,10.521710117959476,391.632535148981,21,3.0,1.0,2208750.0,922887.5,0.4178324844368987,17.39526112973624,True,37200000.0,8.719669779286928,12.05157611771364,19.140738539898134,40.92136093209131,-1.6612518442868467,True,False,True,False,False,unchecked,unchecked
DRREDDY,SUNPHARMA,optics-6,3.3946401539835978,-0.0455156276486074,7.476885019303641,0.09457849399764151,0.011527377521613832,False,0.4271872146651843,10.025252517886926,391.0561733316324,23,3.0,1.0,2208750.0,672000.0,-0.30424448217317485,5.684396061107234,True,13700000.0,8.021103565365026,11.086078098471987,17.60730050933786,44.41977611778019,-1.5652443773278126,True,False,True,False,False,unchecked,unchecked
DRREDDY,ZYDUSLIFE,optics-6,2.3869531599902905,-0.009679190369058968,7.203468904224436,0.10208395483818394,0.012391930835734869,False,0.42397301343314076,10.255476395068834,391.91657196698435,23,3.0,1.0,2208750.0,1071900.0,-0.48529711375212226,49.13819289095188,True,inf,9.134577249575553,12.625025466893039,20.05151103565365,39.09097636284032,-1.6162165277702631,True,False,True,False,False,unchecked,unchecked
EICHERMOT,HEROMOTOCO,optics-11,6.623642534749845,0.1542819225190806,7.5569233980238595,0.09091932508687295,0.011239193083573488,False,0.4641248410985288,13.026451425016907,574.1311721612594,21,3.0,1.0,2417700.0,840000.0,0.3474376473507879,1.2519660221878492,True,5300000.0,8.286741531207346,11.453220002481697,18.190408239235637,63.12460551851633,1.847798168098965,True,False,True,False,False,unchecked,unchecked
EICHERMOT,M&M,optics-11,14.828759990533001,0.02074776076379349,8.714320643556928,0.06484644078837061,0.008069164265129684,False,0.46231813759863427,11.859663258836367,583.1436299341532,25,3.0,1.0,2417700.0,666800.0,0.27579931339703023,12.292967686340504,True,29500000.0,7.846165777391737,10.844294163874757,17.223290730859908,67.71570416439675,1.9192488133591654,True,False,True,False,False,unchecked,unchecked
EICHERMOT,MARUTI,optics-11,13.022012519012307,-0.046697706127598174,9.330713695565628,0.05123500111668266,0.006340057636887608,False,0.46854025677867794,11.093100676832092,581.8455701490386,23,3.0,1.0,2417700.0,668800.0,-0.2766265458907226,4.9237716117117225,True,13300000.0,7.8512532572279445,10.851325640071142,17.234458369524756,67.52119012662457,1.8478462886769655,True,False,True,False,False,unchecked,unchecked
EICHERMOT,TMPV,optics-11,30.505941791729768,-0.2139698838097094,10.145208334735953,0.028595133719467362,0.003746397694524496,False,0.48667567488056884,8.885651600111819,551.5068637618922,39,3.0,1.0,2417700.0,511039.99999999994,-0.21137444678826983,0.012129917422153613,True,2100000.0,7.44995284774786,10.296682797700294,16.353555031641644,67.44794788592574,1.508264578003169,True,False,True,True,False,unchecked,unchecked
EICHERMOT,TVSMOTOR,optics-11,3.9256750489617276,0.6674243826600377,3.4128658798845097,0.007087429785045441,0.0011527377521613833,False,0.41325566904774497,7.864779732012581,372.4741087827144,20,3.0,2.0,2417700.0,1506470.0,0.6231004673863589,0.06641039258563583,True,2100000.0,9.982067874426107,13.79635397278405,21.911856309715844,33.9974946456323,-0.07764942363309003,True,False,True,True,False,unchecked,unchecked
EICHERMOT,UNOMINDA,optics-11,21.359397790183465,-0.03135643499198044,9.10493326309036,0.06374993551197751,0.0077809798270893375,False,0.4648759471461978,11.458965016364314,582.8768534206176,23,3.0,1.0,2417700.0,701800.0,-0.2902758820366464,8.257298609069746,True,20600000.0,7.935196674525376,10.967344997311494,17.41872440749473,66.92532010780583,1.9533557321929393,True,False,True,False,False,unchecked,unchecked
ETERNAL,INDHOTEL,optics-7,0.9961954433834874,1.4760764998282367,-4.025164343782503,0.2346397442635601,0.021902017291066285,False,0.4360710096895504,12.352122318991634,618.0365781311729,25,3.0,5.0,2386200.0,3532000.0,1.4801776883748219,0.0027784390220035194,True,1200000.0,15.253092783505155,21.081510351185987,33.48239879306009,36.91710274111385,2.181877089756772,True,False,True,True,False,unchecked,unchecked
ETERNAL,JUBLFOOD,optics-7,2.4119894416161,0.6083621737538312,1.8465632066436388,0.8136162096824222,0.07867435158501442,False,0.47336864874083945,34.515261091455876,838.7718364749115,26,3.0,2.0,2386200.0,1226125.0,0.5138399966473891,0.1553715552747198,True,2800000.0,9.310115979381443,12.867639971502806,20.436839954739753,82.08429858358625,2.1155935572995594,True,False,True,False,False,unchecked,unchecked
ETERNAL,NYKAA,optics-7,28.784415534217814,0.08176816492233571,5.186488519100258,0.8299692398827436,0.08097982708933718,False,0.4989342569160165,46.376224770906504,1197.1006905817464,18,3.0,1.0,2386200.0,1048906.25,0.43957180873355123,4.375830668953636,True,11600000.0,8.85336662371134,12.236360374235185,19.43421941790294,123.1951399580236,1.0939414301524704,True,False,True,False,False,unchecked,unchecked
FEDERALBNK,INDIANB,optics-14,15.123250807489033,1.2743284857059292,-2.971744227722252,0.9270079783589581,0.09077809798270893,False,0.49550449919863204,73.96606984957835,1355.3283335225458,11,3.0,4.0,2581875.0,3529600.0,1.3670685064149117,0.07277560044308996,True,2500000.0,14.557471314451707,20.120082304526747,31.955424836601306,84.82618149830832,1.252788958159332,True,False,True,True,False,unchecked,unchecked
FEDERALBNK,INDUSTOWER,optics-14,27.482176380824114,1.0772940153756723,-0.862494514162159,0.9840470837242431,0.09769452449567723,False,0.4584850722998323,1361.987770243165,1510.3237046812635,7,3.0,4.0,2581875.0,2584000.0,1.0008230452674898,0.07098430792035511,True,1500000.0,12.305061728395064,17.006995884773662,27.011111111111113,111.82980947866204,2.0164664698344663,True,False,True,True,False,unchecked,unchecked
FEDERALBNK,LICHSGFIN,optics-14,64.09487124860453,-1.7862940201058672,16.842135063629676,0.5451439613689092,0.04812680115273775,False,0.43116463963493973,22.439286990503312,1557.287369531141,19,3.0,8.0,2581875.0,4280000.0,-1.6577099975792786,0.07198368302154867,True,800000.0,16.344916485112563,22.590534979423865,35.87908496732026,86.80752984361584,1.420473838017216,True,False,True,True,False,unchecked,unchecked
FEDERALBNK,MAHABANK,optics-14,9.31714482899752,0.9501148207871872,1.597012007877326,0.6825487896834758,0.06455331412103747,False,0.5631768927710856,29.903070686276628,898.5644732895543,17,3.0,4.0,2581875.0,2178800.0,0.8438828370854514,0.11180962698142179,True,1500000.0,11.339879448075527,15.673004115226338,24.892418300653596,72.19583589160246,0.40994605895139424,True,False,False,False,False,unchecked,unchecked
FEDERALBNK,PNB,optics-14,39.66851101501778,-0.0348673891955755,5.7653403180196445,0.8746897950214187,0.08559077809798271,False,0.5098212969534671,123.58758734413779,1765.8722477891872,7,3.0,1.0,2581875.0,923200.0,-0.3575695957395304,9.255129620800636,True,23700000.0,8.349053013798112,11.539341563786008,18.32718954248366,192.70518741520914,1.3681186878781724,True,False,False,False,False,unchecked,unchecked
FEDERALBNK,RBLBANK,optics-14,8.689764399607036,1.4793824876983632,-2.9308881154745645,0.4659111558648141,0.04207492795389049,False,0.36845880328100117,13.912074234198286,857.597494515539,25,3.0,3.0,2581875.0,3638550.0,1.4092665214233842,0.04739542806408783,True,100000.0,14.816989106753814,20.478765432098765,32.525098039215685,52.73450634839158,-0.2716294933130335,True,False,True,True,False,unchecked,unchecked
FEDERALBNK,SBIN,optics-14,15.096763635540611,1.4045637115749212,-4.098221794455514,0.9040943859856216,0.08818443804034583,False,0.49679085834184833,77.53392654095455,1149.4103074601642,7,3.0,4.0,2581875.0,3142500.0,1.2171387073347857,0.13344001606732245,True,1400000.0,13.635403050108932,18.845679012345677,29.931372549019606,76.80304707562185,1.4966529394139523,True,False,True,False,False,unchecked,unchecked
FEDERALBNK,UNIONBANK,optics-14,14.749694697815068,1.2780894090112764,-0.9077244034186532,0.6498258940099153,0.06051873198847262,False,0.42947158298632726,25.67192332142994,1030.5076090502102,11,3.0,4.0,2581875.0,3292200.0,1.275119825708061,0.002323455058995255,True,2300000.0,13.991986928104577,19.33851851851852,30.714117647058824,67.10318824014085,0.6804516780162252,True,False,True,True,False,unchecked,unchecked
FORTIS,MANKIND,optics-5,3.517270189187035,0.612723662255798,2.088960226660337,0.04607413948320173,0.005763688760806916,False,0.5457256962250071,11.820063716771546,449.4477973730258,32,3.0,3.0,2154693.75,1787175.0,0.8294334171619516,0.35368269295870985,True,1800000.0,11.251015515546003,15.550184045876588,24.697351131686347,36.39643741359702,-0.4863885236159176,True,False,False,False,False,unchecked,unchecked
GAIL,HINDPETRO,optics-16,4.709049707857806,0.367506466574864,2.914431167054242,0.46365084852892907,0.0414985590778098,False,0.3906286075906436,19.204456312832967,506.8614540020897,12,4.0,1.0,2429620.0,737100.0,0.3033807755945374,0.17448860581413386,True,4000000.0,8.015791769906405,11.078736592553568,17.595640470526256,57.61216306403996,1.1950964631881582,True,False,True,False,False,unchecked,unchecked
GAIL,IOC,optics-16,6.766033949268762,0.127317424778236,4.489027976007273,0.5420707396464631,0.04783861671469741,False,0.4958783581823059,23.005621562572838,618.8849610625782,12,4.0,1.0,2429620.0,668362.5,0.27508931437838013,1.160657230206597,True,4600000.0,7.841799283427038,10.838259172216231,17.213705744108132,71.90606953118258,0.4318735566640642,True,False,True,False,False,unchecked,unchecked
GAIL,PETRONET,optics-16,1.5955112281002246,0.45359978128912254,2.5742659451144467,0.7601594862952787,0.0729106628242075,False,0.5263015492032597,31.17794107015983,600.3860645126293,5,4.0,2.0,2429620.0,1109600.0,0.4566969320305233,0.006827937025451643,True,1000000.0,8.958686131987719,12.38192392225945,19.665408582412066,61.06011598961538,-0.11645918802372063,True,False,False,True,False,unchecked,unchecked
GLENMARK,LUPIN,optics-6,0.8919688738191114,0.7951306147754594,1.5301987564688737,0.5576214064805531,0.050720461095100866,False,0.4320618493657819,14.19192784158959,452.96925007292486,20,3.0,2.0,2829375.0,1845775.0,0.6523613872321625,0.17955443406441363,True,3400000.0,10.1620225314778,14.045071791473381,22.306878727634196,40.61251738565986,4.2100627302845055,True,False,True,False,False,unchecked,unchecked
GLENMARK,SUNPHARMA,optics-6,1.103246306677223,0.7491071287453688,2.0469403153136585,0.6831977535227557,0.06484149855907781,False,0.486681500534564,20.64233636688738,603.186480022269,29,3.0,3.0,2829375.0,2016000.0,0.7125248508946322,0.048834507705200765,True,100000.0,10.532027833001989,14.556461232604374,23.119085487077534,52.18082526312916,1.9857473758248503,True,False,True,True,False,unchecked,unchecked
GLENMARK,ZYDUSLIFE,optics-6,3.797655399042588,0.3575420345348827,5.181037451318454,0.6754512922455315,0.06397694524495678,False,0.48818624899218555,26.07006635234044,684.0604019668702,25,3.0,1.0,2829375.0,1071900.0,0.3788469184890656,0.05958707479498984,True,2400000.0,8.479908548707753,11.720198807157058,18.614433399602383,73.49784839343884,1.7057237299582426,True,False,True,True,False,unchecked,unchecked
GODREJCP,MARICO,optics-10,10.676618960335546,-0.7083352431167168,11.725183899066078,0.2684133918837316,0.025360230547550433,False,0.5145506745445889,13.010147639302362,619.8922611489953,21,5.0,2.0,2287500.0,1991160.0,-0.8704524590163935,0.22887074654982767,True,1200000.0,11.50328262295082,15.898845901639346,25.25110819672131,49.0982222498642,-2.347760951886321,True,False,False,False,False,unchecked,unchecked
GODREJPROP,LODHA,optics-13,3.29098671690361,0.6412941733796371,3.097470985226611,0.39973186805107375,0.035734870317002884,False,0.5208744602629001,17.176861959140066,530.3485333090077,14,4.0,2.0,2637830.0,1592500.0,0.6037159331723424,0.058597507613793544,True,1000000.0,9.862852989009905,13.63158543196491,21.650165097826623,48.99256249664788,-1.2694174525848796,True,False,False,True,False,unchecked,unchecked
GODREJPROP,OBEROIRLTY,optics-13,2.5640863878448794,1.0439385803400705,-0.18586499160773817,0.7225407251514129,0.06887608069164265,False,0.5064344307536165,34.07536284445619,801.5380273894878,9,4.0,4.0,2637830.0,2618000.0,0.9924824571712354,0.04929037410617862,True,100000.0,12.253767111603098,16.9361008859555,26.89851317181168,59.59719946375774,-0.7922381524653974,True,False,False,True,False,unchecked,unchecked
GODREJPROP,PHOENIXLTD,optics-13,11.237084439525523,0.39841404788252044,4.577423792480887,0.6997567784981115,0.06714697406340057,False,0.5430235157594668,36.038906057206425,1038.9364113143977,4,4.0,1.0,2637830.0,670950.0,0.2543568008552484,0.36157672600377255,True,3000000.0,7.714294325259778,10.662032807269611,16.933816811545853,122.70552148716145,0.2551126288329697,True,False,False,False,False,unchecked,unchecked
GODREJPROP,PRESTIGE,optics-13,0.38554613379355723,1.0013170894816414,0.2152261989396785,0.15927796778337244,0.016138328530259368,False,0.5042989917068127,11.019376766599462,444.37597718307535,43,4.0,4.0,2637830.0,2858400.0,1.0836179738648815,0.08219262933567355,True,100000.0,12.814250539269022,17.710752777851493,28.1288426471759,31.595752641297533,0.45419939437702883,True,False,False,True,False,unchecked,unchecked
HAL,IRFC,optics-15,6.898580040294436,0.1585842166402977,7.65364258724903,0.8819815856674487,0.08587896253602306,False,0.4691194697672355,42.55441752995844,680.852949615567,15,3.0,1.0,2187495.0,455157.50000000006,0.20807247559422995,0.3120629530628638,True,2600000.0,7.429645724904515,10.268616042550955,16.308978420522106,83.49424863531956,1.9520916173781204,True,False,True,False,False,unchecked,unchecked
HAL,MAZDOCK,optics-15,1.3271525362044114,0.6887927169252136,2.9964517976747893,0.6633413088593518,0.0622478386167147,False,0.4182621392543319,27.500020176803393,500.1455891407527,25,3.0,3.0,2187495.0,1724625.0,0.7884018020612619,0.1446140220249504,True,3300000.0,10.998671082676761,15.201415317520725,24.143424327827034,41.431205644205065,1.7681484504474458,True,False,True,False,False,unchecked,unchecked
HAL,RVNL,optics-15,6.40659278027069,0.07159279866608216,7.989106179337112,0.8303139388161126,0.08126801152737753,False,0.4647176537589807,35.773790865769975,702.7680807505054,24,3.0,1.0,2187495.0,412373.5,0.18851403088921345,1.6331423607067892,True,5500000.0,7.309361289968663,10.102369262558314,16.044939417004382,87.59996687874231,1.6459917546912815,True,False,True,False,False,unchecked,unchecked
HAL,SOLARINDS,optics-15,5.578681094794593,0.14454377236262192,7.006655444929097,0.6986693781863973,0.06685878962536024,False,0.4799042975882743,28.3042904096631,679.0513012245896,18,3.0,1.0,2187495.0,1020000.0,0.46628678008406876,2.2259209266676607,True,6200000.0,9.017663697517023,12.463437630714584,19.794871531134927,68.60881114146403,0.7070862963524651,True,False,True,False,False,unchecked,unchecked
HCLTECH,INFY,optics-18,1.1149003412417182,0.8305047079575721,1.261928019634462,0.6528940686965903,0.061095100864553324,False,0.48926836776309296,21.699312519454562,469.53109135421766,19,5.0,5.0,2632200.0,2288000.0,0.8692348605729048,0.04663447689607948,True,100000.0,11.495794392523365,15.888496314869691,25.234670617734213,37.21317376928585,1.5302129709478267,True,False,True,True,False,unchecked,unchecked
HCLTECH,KPITTECH,optics-18,14.049391592201722,0.3522590106052502,4.854369990518809,0.6235584985347418,0.056484149855907786,False,0.6165212545680322,40.930047277983626,860.9140959790914,9,5.0,2.0,2632200.0,944570.0,0.35885191094901603,0.01871605876720629,True,2400000.0,8.35693925233645,11.550241243066637,18.344500797811715,93.86072757911062,0.8038671293941273,True,False,False,True,False,unchecked,unchecked
HCLTECH,LTM,optics-18,0.7102612760478261,0.7639145908140129,0.7538571135895832,0.2707996270257706,0.02564841498559078,False,0.5041401992434688,13.288486637803459,406.60732044899976,20,5.0,3.0,2632200.0,2103750.0,0.7992363802142695,0.046237877669829966,True,2400000.0,11.065303738317757,15.29350923182129,24.28969113289264,33.479826336562994,-0.651621911368531,True,False,False,True,False,unchecked,unchecked
HCLTECH,MPHASIS,optics-18,2.642007878129534,0.9582407329076875,-0.2611413175198885,0.8001620062791068,0.07780979827089338,False,0.5640682071354499,36.396240861643925,791.9368939286725,8,5.0,4.0,2632200.0,2700500.0,1.0259478763011929,0.07065775965091223,True,1900000.0,12.459579439252337,17.22055694856014,27.350296330066104,57.9106627856239,-0.4589344572540885,True,False,False,True,False,unchecked,unchecked
HCLTECH,NAUKRI,optics-18,4.528892250180827,0.664091178269116,2.546500106059565,0.9024877957224895,0.08789625360230548,False,0.49252155227809846,56.57939612669893,920.2023092188497,6,5.0,2.0,2632200.0,1489400.0,0.565838462122939,0.14795064196194027,True,800000.0,9.629906542056075,13.309626928044981,21.138819238659675,87.06279180777894,-1.6595582377963465,True,False,True,False,False,unchecked,unchecked
HCLTECH,OFSS,optics-18,17.840118362953458,-0.42590899705183083,11.106778123997058,0.6160391577558421,0.0559077809798271,False,0.529412146542678,33.00670992562732,1114.248749294572,8,5.0,1.0,2632200.0,1219000.0,-0.46311070587341385,0.08734661413376008,True,2400000.0,8.998130841121496,12.436440999924018,19.751994529291085,112.8239224289177,0.7427419070596398,True,False,False,True,False,unchecked,unchecked
HCLTECH,PERSISTENT,optics-18,1.607343221412745,1.0782275494475617,-2.02646784848459,0.6265845253265858,0.057348703170028825,False,0.38704628034685046,22.821970455181795,692.0295933302955,15,5.0,4.0,2632200.0,2937500.0,1.1159866271559913,0.035019581653033933,True,1900000.0,13.013317757009348,17.985886330825927,28.565819466605884,48.45158348349113,-2.1452862514071254,True,False,True,True,False,unchecked,unchecked
HCLTECH,TATAELXSI,optics-18,5.123830972430606,0.6804163457274708,1.4979025148175829,0.5516066298326872,0.04927953890489914,False,0.6460336713010797,40.60026689748338,820.4034346665438,7,5.0,4.0,2632200.0,1842500.0,0.6999848035863536,0.028759535219514923,True,1900000.0,10.454906542056076,14.449870830484006,22.949794848415774,71.49549179723289,1.1814796102178597,True,False,False,True,False,unchecked,unchecked
HCLTECH,TCS,optics-18,1.9580112507399934,0.8127156478185502,0.8272166939718023,0.4847031528978877,0.04380403458213257,False,0.5136048331377621,20.186254632002825,497.5879422932722,21,5.0,4.0,2632200.0,2107800.0,0.8007750170959653,0.014692261376577797,True,1900000.0,11.074766355140188,15.306587645315705,24.310462730795532,40.93611444614318,0.9957094363265957,True,False,False,True,False,unchecked,unchecked
HCLTECH,TECHM,optics-18,3.109665901885923,1.0103758707356725,-0.14180243428311673,0.9474464468762537,0.09135446685878963,False,0.53436858809107,125.08383267168732,1152.009674239265,1,5.0,3.0,2632200.0,2953620.0,1.122110781855482,0.11058746982789033,True,800000.0,13.050981308411215,18.037941645771596,28.648495555049006,80.42374665194137,-1.3505285220900451,True,False,False,False,False,unchecked,unchecked
HCLTECH,WIPRO,optics-18,2.875895983480527,0.7849670808082887,3.02339534055839,0.41752709036581503,0.03688760806916427,False,0.5624902838040735,27.90905959117975,700.8647035530632,9,5.0,4.0,2632200.0,2171400.0,0.8249373147937087,0.05091963085160492,True,1900000.0,11.223364485981309,15.511967175746523,24.636653749715066,56.89609560398754,1.1214801994049728,True,False,False,True,False,unchecked,unchecked
HDFCLIFE,ICICIGI,optics-8,4.2963691184419215,1.8285861208036798,-7.246358541833876,0.10891767772521188,0.012968299711815562,False,0.30124075531243766,10.202240988545302,698.8464067448936,26,4.0,9.0,2411200.0,4568850.0,1.894844890510949,0.03623497354237156,True,500000.0,17.803296076642336,24.606181569343065,39.08040602189781,35.76454176823603,1.512767872148923,True,False,True,True,False,unchecked,unchecked
HDFCLIFE,ICICIPRULI,optics-8,1.8203030296428293,1.094442368438512,-0.44883446038318,0.6518871689270205,0.06080691642651297,False,0.388952003438574,25.735401304948233,587.7243765373092,9,4.0,6.0,2411200.0,2808300.0,1.164689781021898,0.06418557487281021,True,1100000.0,13.312842153284674,18.399863138686133,29.223312043795623,40.22298195745328,-1.0119674212500214,True,False,True,True,False,unchecked,unchecked
HDFCLIFE,MFSL,optics-8,7.42925614891136,1.0610338551735208,-1.3416022764401097,0.9196258561115864,0.09020172910662824,False,0.37154522762541137,105.75511347922009,1210.0188022753323,1,4.0,4.0,2411200.0,2503040.0,1.0380889183808892,0.021625075091387298,True,100000.0,12.53424684804247,17.323755806237557,27.514200398142005,87.95594891116974,-1.2917138885683017,True,False,True,True,False,unchecked,unchecked
HDFCLIFE,SBILIFE,optics-8,9.165255402132399,1.3221543471783013,-3.4763886387831704,0.7627108752430238,0.07319884726224785,False,0.3787835196336804,60.66731794269634,1112.6489856319288,5,4.0,5.0,2411200.0,3302062.5,1.3694685218978102,0.03578566664359975,True,2300000.0,14.572231409671534,20.140482436131386,31.987825045620436,69.56702958360499,-0.8871885508398575,True,False,True,True,False,unchecked,unchecked
HEROMOTOCO,M&M,optics-11,2.3688980303022538,0.7768862442259464,2.2826380566471722,0.07383596110141753,0.009221902017291067,False,0.43078298498529116,9.653123966394572,368.21891096402624,33,3.0,3.0,2520000.0,2000400.0,0.7938095238095239,0.02178347178799516,True,100000.0,11.03192857142857,15.247380952380952,24.21642857142857,30.410670167810327,1.2448707052966184,True,False,True,True,False,unchecked,unchecked
HEROMOTOCO,MARUTI,optics-11,1.9476892889777497,0.5294288676418322,3.5172028200372734,0.25507065606227086,0.02363112391930836,False,0.5017214166234197,17.985006752301388,473.86894163570537,17,3.0,2.0,2520000.0,1337600.0,0.5307936507936508,0.002577840452670497,True,2200000.0,9.414380952380952,13.011746031746032,20.665714285714287,45.86039805682203,1.7536562185176294,True,False,False,True,False,unchecked,unchecked
HEROMOTOCO,TMPV,optics-11,11.991965346396846,0.049514286485880764,8.302292661475597,0.5530235175106469,0.049567723342939476,False,0.47893151105387965,23.571715353377865,667.5251307090778,13,3.0,1.0,2520000.0,511039.99999999994,0.20279365079365078,3.0956593578598444,True,9700000.0,7.397180952380952,10.223746031746032,16.237714285714286,82.21910041813669,0.6397937903396687,True,False,True,False,False,unchecked,unchecked
HEROMOTOCO,TVSMOTOR,optics-11,1.7612859851177154,0.4185088155068964,5.164425987524921,0.7690421338406872,0.07521613832853026,False,0.4683590297396198,29.93122309709151,606.8601004713333,14,3.0,1.0,2520000.0,753235.0,0.2989027777777778,0.2857909637679966,True,1300000.0,7.988252083333333,11.04067361111111,17.5351875,69.21626591917918,-0.5884785038635232,True,False,True,False,False,unchecked,unchecked
HEROMOTOCO,UNOMINDA,optics-11,5.787758449823251,0.5849080980148159,4.452413319629399,0.2250337136493863,0.020461095100864555,False,0.4595361924883924,13.601260762680319,511.7353702746376,13,3.0,2.0,2520000.0,1403600.0,0.556984126984127,0.04774078376665177,True,2200000.0,9.575452380952383,13.23436507936508,21.019285714285715,48.691984802018055,-0.09483814997337588,True,False,True,True,False,unchecked,unchecked
HINDALCO,HINDZINC,optics-12,2.922133442557733,0.7977524282565622,1.7811363160929854,0.686101136069494,0.06512968299711816,False,0.39320509462439324,29.840415232001178,751.8317014085843,7,3.0,3.0,2178540.0,2285850.0,1.0492577597840755,0.3152673970258698,True,2600000.0,12.602935222672066,17.418690958164643,27.66497975708502,54.35259364077717,0.4182181458128214,True,False,True,False,False,unchecked,unchecked
HINDALCO,JINDALSTEL,optics-12,12.379795259152806,1.1550801242732425,-1.2789951963894035,0.5975201619167164,0.054178674351585014,False,0.4608668807189362,27.41333933461879,877.1639970530371,15,3.0,4.0,2178540.0,2948000.0,1.353199849440451,0.17152033093103575,True,2900000.0,14.472179074058774,20.002198720243832,31.76819796744609,55.222773287417546,0.6162834427224202,True,False,True,False,False,unchecked,unchecked
HINDALCO,JSWSTEEL,optics-12,9.296398438983353,1.8027715049440096,-5.966170006561341,0.3972739448368527,0.03544668587896254,False,0.39019680925889266,9.710347839517858,635.132395831152,24,3.0,5.0,2178540.0,4505287.5,2.0680306535569692,0.14713963909763375,True,1300000.0,18.86838851937536,26.078260555234237,41.41841382301909,30.669083492432772,-0.9951242879069041,True,False,True,False,False,unchecked,unchecked
HINDALCO,NATIONALUM,optics-12,63.24624791858663,0.47337960886065883,4.081786472487227,0.4106711022983135,0.03602305475504323,False,0.46968370185236935,17.07045187040322,424.12770365785514,23,3.0,2.0,2178540.0,1481062.5,0.6798417747665868,0.43614503464322424,True,1100000.0,10.33102691481451,14.278655085515988,22.677863959348922,37.404554892658574,0.765422998802745,True,False,True,False,False,unchecked,unchecked
HINDALCO,NMDC,optics-12,6.764896190859362,1.6187392167090933,-0.30523837277626287,0.013844103413453433,0.002881844380403458,False,0.30241015360904266,6.088066056563276,489.5494695234389,39,3.0,7.0,2178540.0,4099410.0000000005,1.8817235396182768,0.16246244002405294,True,600000.0,17.722599768652405,24.494650086755353,38.90326778484673,25.167524344272387,0.5115373318784168,True,False,True,False,False,unchecked,unchecked
HINDALCO,SAIL,optics-12,1.0921462713473689,0.8468884845432247,2.545597350940636,0.10800143934081852,0.012680115273775217,False,0.3512317519141586,7.170997011680621,443.22658307741085,31,3.0,2.0,2178540.0,1880000.0,0.8629632689783066,0.018980993045090065,True,1900000.0,11.457224104216586,15.835187786315604,25.150004131207137,35.246640975890536,-1.990143587413064,True,False,True,True,False,unchecked,unchecked
HINDALCO,TATASTEEL,optics-12,5.344262560138666,1.224244380472086,0.4067344878765726,0.7886805414369276,0.07636887608069164,False,0.441916937960053,29.341869452686534,657.4649114950292,11,3.0,6.0,2178540.0,3077250.0,1.4125285741827096,0.15379624911001724,True,1900000.0,14.837050731223664,20.50649288055303,32.569135751466575,40.373494495654455,2.081644335914155,True,False,True,False,False,unchecked,unchecked
HINDALCO,VEDL,optics-12,12.334477585958691,0.5639973587203364,3.725100944283613,0.006284016339985985,0.0005763688760806917,False,0.33008362831440274,6.5412195262570805,313.8099712157414,31,3.0,4.0,2178540.0,1324570.0,0.6080081155269125,0.07803362219006282,True,2100000.0,9.889249910490511,13.668068981978756,21.708109559613316,28.91177330333423,0.8149864999206161,True,False,True,True,False,unchecked,unchecked
HINDPETRO,IOC,optics-16,1.1512853499146949,0.9606850448272617,1.2005806060941657,0.7841281959314712,0.0760806916426513,False,0.5711380622745572,32.749006818223236,598.1696595328203,11,3.0,4.0,2211300.0,2673450.0,1.208994708994709,0.25847145795019144,True,100000.0,13.58531746031746,18.776455026455025,29.82142857142857,40.11676758543466,-0.5128947683622228,True,False,False,False,False,unchecked,unchecked
HINDPETRO,PETRONET,optics-16,3.0922004791484365,1.0701221741764815,-0.0014093958967226553,0.8576193850436213,0.08270893371757926,False,0.4022123770856012,40.92560501916171,910.8050993411423,4,3.0,5.0,2211300.0,2774000.0,1.2544656989101433,0.17226399861821792,True,1300000.0,13.864964048297383,19.16295844073622,30.435286935286936,59.85191473816184,-1.9351764471013662,True,False,True,False,False,unchecked,unchecked
HINDZINC,JINDALSTEL,optics-12,13.213029063040135,0.9397634694382395,-0.2765851796478754,0.4867013102219068,0.044092219020172914,False,0.5391416556215528,23.574476904887018,1003.256386425043,19,3.0,3.0,2285850.0,2211000.0,0.9672550692302645,0.029253743826048673,True,100000.0,12.098618675766126,16.721668088457246,26.557943434608568,75.55226472224993,0.6275776275704743,True,False,False,True,False,unchecked,unchecked
HINDZINC,JSWSTEEL,optics-12,10.704293897139078,1.2518890560140747,-2.567327961532663,0.5372038160585659,0.04755043227665706,False,0.4993110656941117,23.400096393321828,982.6102561359755,10,3.0,3.0,2285850.0,2703172.5,1.1825677537896186,0.05537335907797626,True,100000.0,13.422791685806157,18.55182590721176,29.464664676159856,66.69753529766214,-0.09252219065409319,True,False,True,True,False,unchecked,unchecked
HINDZINC,NATIONALUM,optics-12,68.12397830080211,0.40509353795147984,3.9698174925930894,0.3949543948486667,0.0345821325648415,False,0.5321678716359607,17.29022622115018,722.3172521166175,16,3.0,1.0,2285850.0,740531.25,0.323963186560798,0.2002756000526458,True,3500000.0,8.142373597348907,11.253687085766781,17.873503018570773,80.82548243241648,0.5699143059736562,True,False,False,False,False,unchecked,unchecked
HINDZINC,NMDC,optics-12,8.211984510759358,1.2512422657671118,0.8047341262496785,0.5590889706808527,0.05100864553314121,False,0.41025640155470644,18.67156942613723,859.4140407114189,17,3.0,5.0,2285850.0,2928150.0,1.2809895662445043,0.02377421326888683,True,1200000.0,14.028085832403704,19.38841131307829,30.793359144300812,55.818141611905176,0.5088286189234559,True,False,True,True,False,unchecked,unchecked
HINDZINC,SAIL,optics-12,5.5344510727200715,0.5768834699628873,3.3999573500347853,0.36895270956067366,0.03314121037463977,False,0.5048581867411891,22.124936239731465,943.3488022839575,25,3.0,2.0,2285850.0,1880000.0,0.8224511669619616,0.42567989860217775,True,1200000.0,11.208074676816064,15.490834919176674,24.603090753986482,76.6853897924272,-0.24941956376576968,True,False,False,False,False,unchecked,unchecked
HINDZINC,TATASTEEL,optics-12,6.477727391490991,1.0165570103926194,0.9875428843334787,0.6029540685441421,0.05504322766570605,False,0.5247424018728886,24.22491521215842,867.9159725445896,13,3.0,5.0,2285850.0,2564375.0,1.1218474528074895,0.10357554110438372,True,1300000.0,13.049361834766062,18.03570334886366,28.64494061290111,60.59820365999974,1.5024355246846923,True,False,False,False,False,unchecked,unchecked
HINDZINC,VEDL,optics-12,17.62281062100156,0.4505535619762818,3.840183834927024,0.4357184943486528,0.03919308357348704,False,0.525803366260257,19.876438009954512,772.1798433374591,15,3.0,3.0,2285850.0,993427.5,0.4345987269505873,0.03541162776676572,True,100000.0,8.822782170746112,12.194089179079992,19.36708281383293,79.74147172912691,0.5357232568065804,True,False,False,True,False,unchecked,unchecked
ICICIGI,ICICIPRULI,optics-8,1.5686289347392133,0.42980406975785823,4.789388909540247,0.3282764247392722,0.03025936599423631,False,0.375534748302663,12.928406878993377,397.6339401574471,28,5.0,2.0,2538250.0,936100.0,0.36879739978331527,0.1419406521881301,True,800000.0,8.418104008667388,11.634777898158179,18.478764897074754,43.036852557217586,-2.8130742575097787,True,False,True,False,False,unchecked,unchecked
ICICIGI,MFSL,optics-8,0.8844215607020414,0.6665618004893085,2.590800904281995,0.6399430932169259,0.059077809798270896,False,0.2771705426030015,21.203959161966104,515.936761540072,17,5.0,3.0,2538250.0,1877280.0,0.7395961784694179,0.1095688020623092,True,800000.0,10.698516497586922,14.786567516990054,23.484548409337144,43.93840175653047,-2.7098738024941085,True,False,True,False,False,unchecked,unchecked
ICICIGI,SBILIFE,optics-8,1.436537669651202,0.6580938171880283,2.5520581034723566,0.6060026914596838,0.055331412103746404,False,0.3932125572631743,21.692676123810205,499.5453282826994,27,5.0,2.0,2538250.0,1320825.0,0.5203683640303358,0.20927936042034267,True,800000.0,9.350265438786566,12.923131094257855,20.524972914409535,48.67683191260088,-2.3366751498265774,True,False,True,False,False,unchecked,unchecked
ICICIPRULI,MFSL,optics-8,2.8988101707820944,1.2171185953244263,-2.647194647496441,0.8281000822249336,0.08069164265129683,False,0.5293134269687179,42.21758472202012,897.235765736306,13,5.0,5.0,2340250.0,3128800.0,1.3369511804294414,0.098455964410825,True,100000.0,14.372249759641065,19.864085033650248,31.548840935797458,56.879158734369945,-0.8747927441868354,True,False,False,True,False,unchecked,unchecked
ICICIPRULI,SBILIFE,optics-8,3.4731181876076613,1.5863873658720344,-5.622498127992418,0.29710384469608164,0.027377521613832854,False,0.36838775075096053,20.52338151989151,668.0268935366366,25,5.0,6.0,2340250.0,3962475.0,1.6931844888366627,0.06732096161514883,True,2300000.0,16.563084606345477,22.892068155111634,36.35799059929494,36.74718445796567,-0.10686352186915614,True,False,True,True,False,unchecked,unchecked
INDHOTEL,JUBLFOOD,optics-7,2.8831937781696904,0.28324388727700167,4.782406284474451,0.5239323851905275,0.04610951008645533,False,0.4319601086269067,22.460524272397375,570.9506527324136,22,4.0,1.0,2825600.0,613062.5,0.21696719280860702,0.23399161445478464,True,1800000.0,7.484348235772933,10.34422113887316,16.429057102916193,69.50498122391559,0.40262498681018716,True,False,True,False,False,unchecked,unchecked
INDHOTEL,NYKAA,optics-7,26.949951373894194,0.1464992033965066,5.731685320403434,0.34322503217733435,0.030835734870317006,False,0.4476301833273281,22.062690914553666,680.4523462188425,8,4.0,1.0,2825600.0,1048906.25,0.37121540557757643,1.5339073317201968,True,6800000.0,8.432974744302095,11.6553309474094,18.51140797529728,73.51708169652773,-0.34613943761217936,True,False,True,False,False,unchecked,unchecked
INDIANB,INDUSTOWER,optics-14,4.1142022029367595,0.7817828593238598,2.036710813436965,0.20641947056880167,0.019308357348703172,False,0.48844984426746035,12.537996244666441,590.100880086392,25,3.0,3.0,2647200.0,1938000.0,0.7320942883046238,0.06355802052530315,True,100000.0,10.652379873073437,14.722801450589301,23.38327289211242,50.472051778982845,1.7286974332629652,True,False,True,True,False,unchecked,unchecked
INDIANB,LICHSGFIN,optics-14,24.87082842299347,-0.8362183670541309,11.989302674824366,0.011129492884366933,0.0023054755043227667,False,0.4367390213201604,9.092325862842937,798.3718256853695,38,3.0,4.0,2647200.0,2140000.0,-0.8084013297068601,0.033265279074491,True,1600000.0,11.12166817769719,15.37141130250831,24.41341795104261,65.4043466823353,0.5848106371074988,True,False,True,True,False,unchecked,unchecked
INDIANB,MAHABANK,optics-14,8.378646079282454,0.26700879359331764,5.601590315187628,0.31647614002260416,0.029394812680115276,False,0.523876629864605,20.00412421100746,779.0215085208215,9,3.0,1.0,2647200.0,544700.0,0.20576458144454518,0.22937151741172168,True,4000000.0,7.415452175883954,10.248998942278634,16.27782184950136,95.71569411723047,-0.017655508500073185,True,False,False,False,False,unchecked,unchecked
INDIANB,PNB,optics-14,8.876055687688666,0.5836145104077207,3.9611633257091974,0.3967771859716027,0.035158501440922196,False,0.45624803431987127,25.522779053141303,793.7895954344954,13,3.0,2.0,2647200.0,1846400.0,0.6974916893321245,0.19512396777942972,True,4000000.0,10.439573889392566,14.42867935932306,22.91613780598368,69.27778163624302,0.6329694946657455,True,False,True,False,False,unchecked,unchecked
INDIANB,RBLBANK,optics-14,4.232031622518884,0.4212408303786689,4.297447746042019,0.468575223089597,0.04265129682997118,False,0.47283085120650364,21.091134650518374,772.1305999696958,10,3.0,1.0,2647200.0,1212850.0,0.45816334239951645,0.08765178814137405,True,2300000.0,8.967704555757026,12.394388410395889,19.685205122393473,78.44780840930495,-0.24939035214203578,True,False,True,True,False,unchecked,unchecked
INDIANB,SBIN,optics-14,0.9523510883242967,0.8169897188599875,1.0853595262620166,0.06723183614436332,0.00835734870317003,False,0.4213944069167027,8.942543017018737,425.65961809331463,29,3.0,3.0,2647200.0,2356875.0,0.8903275158658205,0.08976587503226749,True,100000.0,11.625514222574797,16.067783884859473,25.519421464188575,33.359660499407724,0.371361721840677,True,False,True,True,False,unchecked,unchecked
INDIANB,UNIONBANK,optics-14,1.391581735558977,0.6901352531781997,3.21250663681103,0.10120839360916517,0.012103746397694525,False,0.4018738895168863,10.760866983473166,435.52605498442057,34,3.0,2.0,2647200.0,1646100.0,0.6218268359020852,0.09897830455920294,True,2300000.0,9.974235040797826,13.785528105167725,21.89466228467815,39.78376549696325,-0.8342364862931118,True,False,True,True,False,unchecked,unchecked
INDUSTOWER,LICHSGFIN,optics-14,12.0469263724856,-0.9210546841776523,11.795578551111522,0.5309009801867592,0.046974063400576374,False,0.40602049967220194,11.895596488274155,733.1082810167916,30,4.0,4.0,2584000.0,2140000.0,-0.8281733746130031,0.10084233993943226,True,3200000.0,11.24326625386997,15.539473684210526,24.680340557275542,59.40827917795306,-0.9425085720377799,True,False,True,False,False,unchecked,unchecked
INDUSTOWER,MAHABANK,optics-14,12.255724865086597,0.18767794447997033,5.208194349591066,0.7658639697319669,0.07463976945244957,False,0.48976559702987355,37.35938725927512,794.7939735492794,6,4.0,1.0,2584000.0,544700.0,0.21079721362229104,0.12318586079137328,True,5500000.0,7.446402863777091,10.291776315789475,16.34576238390093,97.24770920836072,-1.2473962345299066,True,False,True,False,False,unchecked,unchecked
INDUSTOWER,PNB,optics-14,3.129843793997426,0.4275538659527313,3.9730048260471045,0.7277490382888359,0.06945244956772335,False,0.4708093266955329,36.02658626557056,797.7337527847158,16,4.0,1.0,2584000.0,923200.0,0.3572755417956656,0.1643730293502606,True,4200000.0,8.347244582043345,11.536842105263158,18.323219814241487,87.0735341137683,-0.7901409686848683,True,False,True,False,False,unchecked,unchecked
INDUSTOWER,RBLBANK,optics-14,9.26793336186396,0.20726877879560196,4.803699634771026,0.8086423661329614,0.07838616714697408,False,0.4798426927223528,41.41614684217813,821.6465560244937,14,4.0,1.0,2584000.0,1212850.0,0.46936919504643965,1.2645436412268725,True,5500000.0,9.036620549535604,12.489638157894737,19.836484133126934,82.84195430099871,-1.1662977264378178,True,False,True,False,False,unchecked,unchecked
INDUSTOWER,SBIN,optics-14,2.9998858889964835,0.7028257107016733,1.1460083929581648,0.5137076683423996,0.0452449567723343,False,0.4840074367547622,17.37394170243068,521.3051304115231,11,4.0,2.0,2584000.0,1571250.0,0.6080688854489165,0.13482265063717633,True,3000000.0,9.889623645510836,13.66858552631579,21.70892995356037,48.02679188027197,-1.7916713273482088,True,False,True,False,False,unchecked,unchecked
INDUSTOWER,UNIONBANK,optics-14,3.262767166710442,0.5698988650489138,3.0970930542746293,0.7465174331450054,0.07204610951008646,False,0.4572777500455183,25.120307917543585,559.3899699216539,22,4.0,2.0,2584000.0,1646100.0,0.6370356037151703,0.11780465409506333,True,4200000.0,10.067768962848298,13.914802631578947,22.099980650154798,50.62357101364572,-2.4145749333940287,True,False,True,False,False,unchecked,unchecked
INFY,KPITTECH,optics-18,7.931168459798709,0.4731462248764615,3.992952448190429,0.42854375783884757,0.037752161383285306,False,0.4281171032697099,17.32699905405254,630.1921877944243,13,5.0,3.0,2288000.0,1416855.0,0.6192548076923077,0.30880217390299397,True,700000.0,9.958417067307693,13.763665865384615,21.859939903846154,57.65726626572701,0.24271085585432123,True,False,True,False,False,unchecked,unchecked
INFY,LTM,optics-18,0.954328429900384,0.8566547622935111,-0.07494794827753587,0.6414414237304888,0.059942363112391935,False,0.43543765997150446,21.616443477398164,474.32415729927243,19,5.0,3.0,2288000.0,2103750.0,0.9194711538461539,0.07332754607523011,True,2100000.0,11.804747596153847,16.315504807692307,25.912860576923077,36.60916986692592,-2.5612293032329956,True,False,True,True,False,unchecked,unchecked
INFY,MPHASIS,optics-18,1.3189230483278789,1.1418712601001675,-1.740412552205037,0.9148319603921788,0.0893371757925072,False,0.4541136953017597,43.86586267828013,789.4200345280364,14,5.0,4.0,2288000.0,2700500.0,1.1802884615384615,0.033644074232084556,True,1700000.0,13.40877403846154,18.532451923076923,29.433894230769234,53.64020325267068,-1.6545518432710051,True,False,True,True,False,unchecked,unchecked
INFY,NAUKRI,optics-18,3.039005089839307,0.7070034513632453,2.2021802844583758,0.9923096436499027,0.1,False,0.45735464583127283,inf,1092.782642153574,30,5.0,2.0,2288000.0,1489400.0,0.6509615384615385,0.07926681658151269,True,2100000.0,10.153413461538463,14.033173076923077,22.28798076923077,98.06026427142233,-2.3606491934103717,True,False,True,True,False,unchecked,unchecked
INFY,OFSS,optics-18,21.11527696179585,-0.508297702151139,11.812959431601394,0.7635682355747531,0.07377521613832853,False,0.4542387428460826,30.446554085527875,1222.0504798497816,5,5.0,1.0,2288000.0,1219000.0,-0.5327797202797203,0.048164723202509654,True,2100000.0,9.426595279720281,13.028627622377623,20.692526223776227,118.11515584265543,0.09476051847609,True,False,True,True,False,unchecked,unchecked
INFY,PERSISTENT,optics-18,4.19431427971247,1.1013517073773724,-2.2659740031037914,0.9188413834732487,0.0899135446685879,False,0.3698305250701986,58.402487519826835,944.3502873871817,15,5.0,4.0,2288000.0,2937500.0,1.2838723776223777,0.16572423597511665,True,1200000.0,14.045815122377622,19.41291520979021,30.832277097902097,61.257252222310726,-2.644972330948603,True,False,True,False,False,unchecked,unchecked
INFY,TATAELXSI,optics-18,1.8345657068761363,0.90779173746506,-0.46360920874002187,0.21616169121024192,0.019884726224783864,False,0.4237182432010561,12.939178208808748,547.9544926973915,19,5.0,5.0,2288000.0,2303125.0,1.0066105769230769,0.10885628870555816,True,2600000.0,12.340655048076922,17.056189903846153,27.089242788461533,40.455504568831195,0.9323074830770398,True,False,True,False,False,unchecked,unchecked
INFY,TCS,optics-18,0.3421504419939045,0.9636904198582174,-0.4058287196402216,0.13494430886248626,0.015273775216138331,False,0.43811122583368467,10.250142393923499,324.2986188287534,36,5.0,5.0,2288000.0,2634750.0,1.1515515734265733,0.19493931837155234,True,2100000.0,13.232042176573426,18.288188374125873,29.04594624125874,22.33004331379631,-0.8920270737870947,True,False,True,False,False,unchecked,unchecked
INFY,TECHM,optics-18,5.392924503047374,0.8655582854039326,0.8764601376017698,0.9872246628605245,0.0994236311239193,False,0.4147161169650759,inf,1381.2988134770364,9,5.0,2.0,2288000.0,1969080.0,0.8606118881118882,0.005714690016208604,True,2100000.0,11.442763111888112,15.815201048951048,25.11826048951049,109.98363633133542,-1.7512654080130141,True,False,True,True,False,unchecked,unchecked
INFY,WIPRO,optics-18,0.6883729567758117,0.9961726417190397,1.846588584858078,0.03914940773371232,0.00489913544668588,False,0.3370546608457814,10.27522781344479,435.9949614630573,26,5.0,5.0,2288000.0,2714250.0,1.1862980769230769,0.1908559091483864,True,2100000.0,13.445733173076922,18.583533653846153,29.515024038461533,29.543934024577094,0.39845162997819494,True,False,True,False,False,unchecked,unchecked
IOC,PETRONET,optics-16,3.0296466289317605,1.17499322358407,-1.5950757766928225,0.9535054063934846,0.09193083573487032,False,0.32043415343233317,27.759998788116448,698.5240732835972,14,4.0,5.0,2673450.0,2774000.0,1.0376105780919784,0.11692207472740546,True,1200000.0,12.531305055265669,17.31968991378182,27.507742804241712,50.78745124633667,-2.2098148405055174,True,False,True,False,False,unchecked,unchecked
IRFC,MAZDOCK,optics-15,3.148858335967432,1.101193226092011,-3.954144055757293,0.9762445926146813,0.09510086455331412,False,0.4650463506327678,82.52992769377639,1013.5801934340551,7,5.0,5.0,2275787.5,2874375.0,1.2630243377292476,0.1469597776328082,True,2100000.0,13.917599677034875,19.235706870698607,30.550828559344847,66.3536958721221,-2.5255071828988704,True,False,True,False,False,unchecked,unchecked
IRFC,RVNL,optics-15,0.9204676367583262,0.810152636114778,0.07976536821525276,0.1855642841925425,0.017867435158501442,False,0.44384891509359253,17.012155298112564,388.1295006416761,17,5.0,5.0,2275787.5,2061867.5,0.9060017686185551,0.11830996806162063,True,2600000.0,11.721910877004115,16.20101503325772,25.731023876350495,30.168212699721423,0.04555675300326992,True,False,True,False,False,unchecked,unchecked
IRFC,SOLARINDS,optics-15,20.167275722513676,-0.6406914709270919,10.832860293493725,0.22908518300699954,0.0207492795389049,False,0.43801000115043043,14.297275074562595,895.6587661566953,21,5.0,2.0,2275787.5,2040000.0,-0.8963930068163218,0.3991024502311937,True,3000000.0,11.66281699192038,16.119340557938738,25.601305592020346,69.96977266939562,-0.5076408559315679,True,False,True,False,False,unchecked,unchecked
JINDALSTEL,JSWSTEEL,optics-12,1.1719061363246739,0.8833169555562773,0.7435931029412498,0.6659155145529393,0.0628242074927954,False,0.4639889043448012,27.54889182229033,544.2948207652172,11,3.0,2.0,2211000.0,1802115.0000000002,0.8150678426051562,0.07726457929038687,True,1900000.0,11.162667232021711,15.428076662143829,24.50341587516961,44.42603623413788,-0.512418706589387,True,False,True,True,False,unchecked,unchecked
JINDALSTEL,NATIONALUM,optics-12,125.74428021704043,0.22525082408972263,5.705468944271382,0.29339042030196616,0.02651296829971182,False,0.4918871130098035,14.241520800540297,510.830916051161,21,3.0,1.0,2211000.0,740531.25,0.33493046132971505,0.48692224627024877,True,6300000.0,8.209822337177748,11.346908921302578,18.021561227951153,56.691083484916994,0.39939137212788206,True,False,True,False,False,unchecked,unchecked
JINDALSTEL,NMDC,optics-12,1.8168413184243608,0.711842497220833,3.8747778694629234,0.5221174929157504,0.045821325648414984,False,0.5087713531181256,21.30629884719727,562.9359422277241,13,3.0,3.0,2211000.0,1756890.0,0.7946132971506106,0.11627684530346293,True,4100000.0,11.036871777476255,15.25421302578019,24.227279511533244,46.4712467579979,0.36872545989508854,True,False,False,False,False,unchecked,unchecked
JINDALSTEL,SAIL,optics-12,10.847066500796778,0.41837867842506293,4.896923946238297,0.5901604396236221,0.05302593659942364,False,0.44129365268377724,17.112314478446947,491.2201385653266,20,3.0,1.0,2211000.0,940000.0,0.4251469923111714,0.016177482828682876,True,1900000.0,8.764654002713705,12.113749434644957,19.239484396200815,51.06375289998176,-0.8353778535220876,True,False,True,True,False,unchecked,unchecked
JINDALSTEL,TATASTEEL,optics-12,1.841959356780794,0.8097537726738497,2.768006367948647,0.07009990174550149,0.008933717579250721,False,0.40291523083718583,8.515762177375466,296.259133955463,28,3.0,4.0,2211000.0,2051500.0,0.927860696517413,0.14585535483653006,True,2900000.0,11.85634328358209,16.38681592039801,26.026119402985074,22.766293304677877,2.391259014586203,True,False,True,False,False,unchecked,unchecked
JINDALSTEL,VEDL,optics-12,45.91993533005869,0.255660789430535,5.605299855289089,0.44691367589760184,0.040345821325648415,False,0.48935469548968075,15.474618948583117,521.8727639392663,14,3.0,2.0,2211000.0,662285.0,0.2995409317051108,0.17163422819868274,True,3400000.0,7.992176729986432,11.046097919493441,17.543802578018994,59.493688625193705,0.3744036868315774,True,False,True,False,False,unchecked,unchecked
JSWENERGY,NHPC,optics-1,1.4027929210370849,0.4810144108740467,4.1509996283479405,0.6307493258823436,0.05763688760806916,False,0.36857967763137994,24.94130875750894,668.1185881686928,15,4.0,2.0,2301790.0,1039997.9999999999,0.4518214085559499,0.06069049421003941,True,900000.0,8.928701662619092,12.340481972725573,19.599589015505323,68.17679571139386,0.8413106712867819,True,False,True,True,False,unchecked,unchecked
JSWENERGY,NTPC,optics-1,2.203166441441683,0.2830122832775059,4.59444155297771,0.5562117844847798,0.05043227665706052,False,0.37244242056158233,21.81629555272392,681.0327850608331,8,4.0,1.0,2301790.0,495075.0,0.21508260962120784,0.24002376458582905,True,1500000.0,7.472758049170429,10.328202181780268,16.403615229886306,83.0344744760943,0.6920144665275679,True,False,True,False,False,unchecked,unchecked
JSWENERGY,POWERGRID,optics-1,1.2778761249633184,0.48357109572310747,3.521716349486625,0.5207384604407603,0.04553314121037464,False,0.3764946952821869,20.01436932371455,653.5983204871358,15,4.0,2.0,2301790.0,1010990.0,0.4392190425712163,0.09171775059377645,True,900000.0,8.851197111812981,12.23336186185534,19.429457074711422,67.27911315008717,0.9333358075814985,True,False,True,True,False,unchecked,unchecked
JSWENERGY,TATAPOWER,optics-1,0.8603856363490102,0.8346340849042608,1.2761364050205741,0.6406136750140609,0.05965417867435159,False,0.3744600478128442,24.038803306352637,577.3702334089585,16,4.0,4.0,2301790.0,2040730.0000000002,0.886583919471368,0.06224264681577949,True,100000.0,11.602491104748914,16.035963315506628,25.468882912863467,45.33926638120028,1.9581930122509403,True,False,True,True,False,unchecked,unchecked
JSWSTEEL,NATIONALUM,optics-12,118.83592903569978,0.1793002767541538,6.053910000048288,0.1694351335348715,0.016426512968299712,False,0.462085751161304,11.153809452791696,389.72108332516257,13,3.0,1.0,2703172.5,740531.25,0.27394894332492653,0.5278779725507592,True,4100000.0,7.834786001448299,10.828566018261874,17.19831073488651,45.32085613904153,1.8143356873591592,True,False,True,False,False,unchecked,unchecked
JSWSTEEL,NMDC,optics-12,0.6177594830044701,0.7005924947595231,4.007687107121384,0.13128631787711864,0.014697406340057638,False,0.4364405900590473,9.859928246782786,322.73750179195827,33,3.0,3.0,2703172.5,1756890.0,0.6499363248183384,0.07230475678814163,True,100000.0,10.147108397632781,14.024458760955875,22.274140385047566,28.978671788259817,1.9234883952014317,True,False,True,True,False,unchecked,unchecked
JSWSTEEL,SAIL,optics-12,8.272340410675493,0.3884473669258905,5.131148010025453,0.07882345940006402,0.00979827089337176,False,0.37621982402488635,6.233305631963136,255.84398761037517,29,3.0,1.0,2703172.5,940000.0,0.34773955417199603,0.10479621235702918,True,4100000.0,8.288598258157776,11.455786210461966,18.194483981321948,28.123247449393883,0.2871367637576703,True,False,True,False,False,unchecked,unchecked
JSWSTEEL,TATASTEEL,optics-12,1.5120347271463905,0.5561155776732195,4.178437766010712,0.7054236965378128,0.06772334293948126,False,0.4043380515045848,23.08336006901412,345.6497229558119,21,3.0,3.0,2703172.5,1538625.0,0.5691923101466888,0.023514414985787994,True,100000.0,9.650532707402137,13.338134636246856,21.1840961869803,32.63294500789205,3.198667016356191,True,False,True,True,False,unchecked,unchecked
JSWSTEEL,VEDL,optics-12,41.191297127428314,0.22833954223373668,5.838270373675955,0.06234456774207432,0.007492795389048992,False,0.43129876491387226,8.465629469563211,333.26687813283957,25,3.0,2.0,2703172.5,662285.0,0.24500286237744723,0.07297606004068,True,2300000.0,7.656767603621301,10.582524330208301,16.807538642095537,39.65683319009622,1.9594845534252239,True,False,True,True,False,unchecked,unchecked
JUBLFOOD,NYKAA,optics-7,42.49933701008289,-0.7122092103914068,10.21963345990399,0.5943652335649767,0.053602305475504326,False,0.5163398601907294,29.807397371627456,1206.3289276764854,6,4.0,2.0,2452250.0,2097812.5,-0.8554643694566215,0.201141963590286,True,2800000.0,11.411105872158222,15.771447140381284,25.048768987664392,96.31842014037164,0.9777412207881074,True,False,False,False,False,unchecked,unchecked
KPITTECH,LTM,optics-18,10.871999184633824,1.499456522157734,-5.953697094247363,0.7976002913380706,0.07723342939481269,False,0.49605106778608193,37.14155444076082,1424.4479180374535,11,5.0,5.0,2361425.0,3506250.0,1.4848026085943868,0.009772816581743952,True,100000.0,15.281536042855478,21.120822173052286,33.54483521602422,84.92800211205099,-2.1356507220900682,True,False,True,True,False,unchecked,unchecked
KPITTECH,MPHASIS,optics-18,7.707558448859135,2.266912347655134,-10.970224233771646,0.6867707845547208,0.06570605187319885,False,0.4023240996564348,25.673017852098614,1359.647278640878,23,5.0,8.0,2361425.0,5401000.0,2.2871782927681377,0.008939889155381969,True,800000.0,20.216146500524047,27.94101548852917,44.37690695236986,61.27724404498042,-2.298767378278347,True,False,True,True,False,unchecked,unchecked
KPITTECH,NAUKRI,optics-18,7.442947796250284,1.3789359210462189,-2.9687059777327676,0.9820200181139045,0.0974063400576369,False,0.5637641516898645,inf,2059.0537482522104,7,5.0,5.0,2361425.0,3723500.0,1.5768021427739607,0.14349196268497946,True,2200000.0,15.847333178059857,21.902818213578662,34.78682892744847,118.38122713321069,-2.729776927039983,True,False,False,False,False,unchecked,unchecked
KPITTECH,OFSS,optics-18,40.689205094375566,-0.6624815155897191,12.794748599521101,0.8661971748194768,0.08328530259365995,False,0.5625633973724866,72.69556482794711,2627.8988615118283,3,5.0,1.0,2361425.0,1219000.0,-0.5162137268810146,0.2207877280598565,True,1700000.0,9.324714420318239,12.887816678488623,20.468885312893697,256.77009972364937,-0.568521522884644,True,False,False,False,False,unchecked,unchecked
KPITTECH,PERSISTENT,optics-18,21.153114543070497,1.8046887677630876,-8.730358167406367,0.9047268841171834,0.08847262247838618,False,0.4425438712575652,79.94682565632618,2138.8529029078904,29,5.0,6.0,2361425.0,4406250.0,1.8659284118699515,0.033933631771183706,True,1900000.0,17.625459733000206,24.36039150089459,38.690033560244345,110.56350724418357,-2.4269488814219216,True,False,True,True,False,unchecked,unchecked
KPITTECH,TATAELXSI,optics-18,3.881605669453923,1.7895456997584869,-8.328503949218124,0.17357082271050167,0.01671469740634006,False,0.35350127669676,11.396266080448372,825.6812498007583,23,5.0,10.0,2361425.0,4606250.0,1.9506230348200768,0.09001018251913241,True,400000.0,18.146331664143474,25.080295795970653,39.833410970071036,41.45671835239702,0.5472251042522418,True,False,True,True,False,unchecked,unchecked
KPITTECH,TCS,optics-18,6.03132115500548,1.744548214582618,-6.988894008105378,0.5922144017497754,0.053314121037463975,False,0.5030251417136016,20.106527433887294,1100.4474112984653,13,5.0,8.0,2361425.0,4215600.0,1.7851932625427442,0.023298323096132046,True,800000.0,17.12893856463788,23.67414273161333,37.60010904432705,58.53426701508443,-1.2191675735691287,True,False,False,True,False,unchecked,unchecked
KPITTECH,TECHM,optics-18,23.15181295942286,0.9587716196050466,-0.22094822741020204,0.9850759607714121,0.09827089337175793,False,0.5551817713976369,6331.743716505201,2785.110876776003,5,5.0,2.0,2361425.0,1969080.0,0.8338524407931651,0.1302908599477948,True,800000.0,11.278192510877966,15.587745746741904,24.757007950707727,224.99575734848727,-1.6673065134000473,True,False,False,False,False,unchecked,unchecked
KPITTECH,WIPRO,optics-18,5.335816748812536,1.9149120166566096,-3.511529521000867,0.05799109553495659,0.006628242074927955,False,0.39909065322888543,9.219134268471942,800.7093405304764,17,5.0,9.0,2361425.0,4885650.0,2.068941423081402,0.08043680601771151,True,800000.0,18.873989751950624,26.08600209619192,41.43070921159893,38.652939124986545,-0.3763037390692203,True,False,True,True,False,unchecked,unchecked
LICHSGFIN,MAHABANK,optics-14,31.67347388869696,-0.0500792469314996,6.50448162661593,0.23841061693913967,0.023054755043227664,False,0.42099984182831757,11.971507033174499,459.3372459135206,19,5.0,1.0,2675000.0,544700.0,-0.20362616822429908,3.066078878998063,True,9900000.0,7.402300934579439,10.230822429906542,16.248953271028036,56.537456690520635,-0.00962886467978964,True,False,True,False,False,unchecked,unchecked
LICHSGFIN,PNB,optics-14,6.0463777427258,-0.10196649788196897,6.776643634664056,0.23414733317948327,0.021613832853025938,False,0.4063655475152114,11.738921430819012,461.03031697960006,29,5.0,1.0,2675000.0,923200.0,-0.3451214953271028,2.384655769256655,True,8300000.0,8.272497196261682,11.433532710280373,18.159140186915884,50.77666808385388,-0.22121593483155175,True,False,True,False,False,unchecked,unchecked
LICHSGFIN,RBLBANK,optics-14,28.711669697939556,-0.07127084784684848,6.704473808817693,0.23567759321235004,0.022478386167146976,False,0.4207704686550748,12.014444683770646,460.3049788259566,21,5.0,1.0,2675000.0,1212850.0,-0.4534018691588785,5.361673571404377,True,15300000.0,8.938421495327104,12.353915887850468,19.62092523364486,46.919803561215495,0.03319767828120991,True,False,True,False,False,unchecked,unchecked
LICHSGFIN,SBIN,optics-14,22.66878933621272,-0.27650375618945977,8.202708701734474,0.03985571610177647,0.005187319884726225,False,0.44837065273639254,7.106705440383283,384.3732018845051,26,5.0,1.0,2675000.0,785625.0,-0.29369158878504675,0.06216129875577501,True,2500000.0,7.956203271028039,10.996378504672899,17.46483644859813,44.016810923569565,0.0626959168872291,True,False,True,True,False,unchecked,unchecked
LICHSGFIN,UNIONBANK,optics-14,22.51951366146399,-0.2540037885452661,7.58683401741744,0.006892093927834278,0.0008645533141210376,False,0.366792969793326,5.435123581670114,369.01365903745716,36,5.0,1.0,2675000.0,823050.0,-0.3076822429906542,0.21132934572675494,True,3000000.0,8.042245794392525,11.115299065420562,17.653710280373833,41.80579075750449,0.6176514614389835,True,False,True,False,False,unchecked,unchecked
LODHA,OBEROIRLTY,optics-13,9.465170615544157,1.1201926823021684,-1.3565287334564373,0.6541712281546279,0.06138328530259366,False,0.6093323969875282,45.16945099148717,1256.215201981213,6,3.0,4.0,2388750.0,2618000.0,1.095970695970696,0.021623053528338012,True,2100000.0,12.890219780219782,17.815750915750918,28.295604395604396,88.79225086822044,0.5353939755239584,True,False,False,True,False,unchecked,unchecked
LODHA,PHOENIXLTD,optics-13,23.664850773512093,0.4227775344818333,3.790080214550006,0.624461813583237,0.057060518731988474,False,0.5929087095199355,51.044271438131986,1443.589024506237,10,3.0,2.0,2388750.0,1341900.0,0.5617582417582417,0.32873247971121894,True,1200000.0,9.604813186813187,13.274945054945054,21.083736263736263,136.93863425802667,1.137896907146339,True,False,False,False,False,unchecked,unchecked
LODHA,PRESTIGE,optics-13,3.3060100268943313,1.3501395624806567,-2.9463143190284233,0.29007977974173194,0.025936599423631124,False,0.4455627894543514,12.061786979855688,636.0810011308181,28,3.0,5.0,2388750.0,3573000.0,1.4957613814756672,0.10785686386928373,True,1400000.0,15.348932496075353,21.21397174254317,33.69277864992151,37.75770515931015,2.285733747606284,True,False,True,False,False,unchecked,unchecked
LTF,SHRIRAMFIN,optics-3,19.085836152604763,0.3813047243364577,3.050502987661648,0.3125556876417849,0.028530259365994237,False,0.46943901545532724,16.469812755892242,613.0995193226794,15,4.0,1.0,2828700.0,896692.5000000001,0.31699809099586385,0.16864892889145167,True,4600000.0,8.099538259624563,11.194483773464842,17.779474228444162,68.96711471274257,0.5563739585628099,True,False,True,False,False,unchecked,unchecked
LTM,MPHASIS,optics-18,2.470086593049392,1.3406599245842692,-2.0046127829236315,0.4444708953111896,0.03976945244956773,False,0.39484560788667045,20.50873850450027,719.2753626537217,8,4.0,5.0,2805000.0,3375625.0,1.2034313725490196,0.10235895734543077,True,1300000.0,13.55110294117647,18.729166666666664,29.74632352941176,48.36062257862126,-0.1450905072249418,True,False,True,False,False,unchecked,unchecked
LTM,NAUKRI,optics-18,4.022751181156845,0.9209020420701037,1.9816697124539937,0.9699928050501535,0.09394812680115275,False,0.41521069753252343,55.44243719262329,989.1409012588837,14,4.0,3.0,2805000.0,2234100.0,0.7964705882352942,0.13511909861237686,True,3200000.0,11.048294117647059,15.27,24.25235294117647,81.57071634723629,-1.7403254613318648,True,False,True,False,False,unchecked,unchecked
LTM,OFSS,optics-18,20.141659052504686,-0.3925017125089897,12.05649173583508,0.7709904915413814,0.07550432276657061,False,0.5713231209482149,47.926155013752904,1511.4888727692635,4,4.0,1.0,2805000.0,1219000.0,-0.43458110516934045,0.10720817596276602,True,6000000.0,8.822673796791443,12.193939393939393,19.366844919786097,156.0903574154254,0.57092396897015,True,False,False,False,False,unchecked,unchecked
LTM,PERSISTENT,optics-18,2.4654974743314644,1.3942464945120747,-3.4916257492265346,0.5304232285687105,0.04668587896253602,False,0.36141474781772553,18.83624155948543,768.2204324047633,19,4.0,5.0,2805000.0,3671875.0,1.3090463458110517,0.0611083829411666,True,1900000.0,14.200635026737968,19.62689393939394,31.172125668449198,49.28893464473076,-2.060659962293431,True,False,True,True,False,unchecked,unchecked
LTM,TATAELXSI,optics-18,4.502606365169785,0.9158235367840915,0.7617202075016665,0.7556841361862278,0.07233429394812681,False,0.55201088642529,35.38059563076329,874.2762443871843,9,4.0,5.0,2805000.0,2303125.0,0.821078431372549,0.10345345102642732,True,1300000.0,11.199632352941176,15.479166666666666,24.584558823529413,71.1240133014249,1.9158443197328905,True,False,False,False,False,unchecked,unchecked
LTM,TCS,optics-18,1.4588213118821618,1.0520187552321631,0.18973418161505332,0.23554968544955684,0.02219020172910663,False,0.33345526953561677,12.725036621397786,445.0946461142355,31,4.0,5.0,2805000.0,2634750.0,0.9393048128342246,0.10714062067559282,True,1300000.0,11.926724598930482,16.48409090909091,26.180614973262035,34.00184805198851,2.199277190888677,True,False,True,False,False,unchecked,unchecked
LTM,TECHM,optics-18,5.003991149017266,1.279095023129373,-0.8541373221697868,0.9550948499503622,0.09221902017291066,False,0.4539518680630121,151.68451635603998,1427.5484922589437,3,4.0,3.0,2805000.0,2953620.0,1.0529839572192514,0.17677425196834007,True,100000.0,12.625851336898398,17.45036363636364,27.715283422459898,103.01525483243572,-1.155959927752866,True,False,True,False,False,unchecked,unchecked
LTM,WIPRO,optics-18,2.2147523485152387,1.064476360451367,2.7723362605924065,0.45827178263245477,0.041210374639769454,False,0.42859552829465114,18.052682261335455,632.8657080397318,25,4.0,5.0,2805000.0,2714250.0,0.9676470588235294,0.09096425738076445,True,1300000.0,12.101029411764708,16.725,26.56323529411765,47.64974605182058,2.279552747202566,True,False,True,True,False,unchecked,unchecked
LUPIN,SUNPHARMA,optics-6,1.141649702126874,0.9109612495178981,0.8826965440498065,0.6075625869115916,0.05561959654178675,False,0.49772564741072645,23.702169560617698,521.2605704945813,10,3.0,3.0,2768662.5,2016000.0,0.7281494223293739,0.20068013571957374,True,2600000.0,10.62811894732565,14.689270089799678,23.330017201446548,44.68582821810018,-1.6587373732302426,True,False,True,False,False,unchecked,unchecked
LUPIN,ZYDUSLIFE,optics-6,5.660701433671736,0.2322575201029534,6.089408073893319,0.7088025387061756,0.06829971181556196,False,0.4420957342551283,42.41774507536453,727.3290286781157,8,3.0,1.0,2768662.5,1071900.0,0.3871544473188769,0.6669188887716614,True,4200000.0,8.530999851011092,11.790812802210453,18.72658503880484,77.67876814389379,-0.7040800879169932,True,False,True,False,False,unchecked,unchecked
M&M,MARUTI,optics-11,0.6056876706081775,0.7295747667886727,1.1278481645166778,0.026782074687916702,0.0034582132564841502,False,0.316759576261731,6.50485855253675,305.6378533754602,44,4.0,3.0,2667200.0,2006400.0,0.752249550089982,0.031079451117964948,True,1700000.0,10.776334733053389,14.894121175764846,23.655368926214756,25.840886635824475,1.7089335168848898,True,False,True,True,False,unchecked,unchecked
M&M,TMPV,optics-11,4.436748849614884,0.3276057721209077,6.191717389532482,0.6378603049528375,0.058213256484149864,False,0.42020936973561535,26.091910816942253,657.3940807690462,17,4.0,2.0,2667200.0,1022079.9999999999,0.3832033593281343,0.16970881449154543,True,3100000.0,8.506700659868027,11.757228554289142,18.673245350929815,70.410265426766,0.4729318141520788,True,False,True,False,False,unchecked,unchecked
M&M,TVSMOTOR,optics-11,4.96944675368179,0.28461449727419896,5.7918217787554935,0.8262326366929404,0.08011527377521614,False,0.33580101059414824,30.082937777022384,692.9559750619009,9,4.0,1.0,2667200.0,753235.0,0.2824066436712657,0.007757347654733779,True,2400000.0,7.886800858578285,10.900456471205759,17.31248968956209,80.0527234947256,-0.8855086752189995,True,False,True,True,False,unchecked,unchecked
M&M,UNOMINDA,optics-11,1.078593401801488,0.8187015258056206,2.326855882148108,0.030394323785644165,0.004034582132564842,False,0.19798946488322988,7.213402720301031,391.29694093971966,24,4.0,3.0,2667200.0,2105400.0,0.7893671265746851,0.03583039521279724,True,2400000.0,11.004607828434313,15.209620575884824,24.15645620875825,32.39688285054408,-1.785341836435486,True,False,True,True,False,unchecked,unchecked
MAHABANK,PNB,optics-14,20.406979475738822,-0.7334263810091795,7.688578083073261,0.3603672075669978,0.032276657060518736,False,0.46346520977663747,27.46889999173736,1519.5172418782001,11,5.0,2.0,2723500.0,1846400.0,-0.6779511657793281,0.07563842352318795,True,2500000.0,10.31939966954287,14.26258490912429,22.652340738020932,134.1598432984684,1.4640172500874273,True,False,True,True,False,unchecked,unchecked
MAHABANK,RBLBANK,optics-14,3.277695976674795,1.3033525952825658,-3.3026247025543274,0.3377762509997541,0.030547550432276662,False,0.38600848299332247,15.387493042076512,842.9715624894076,21,5.0,3.0,2723500.0,3638550.0,1.3359831099687902,0.025035830522246512,True,2500000.0,14.366296126308061,19.85585643473472,31.535771984578666,53.46129233187187,-0.2126011247465978,True,False,True,True,False,unchecked,unchecked
MAHABANK,SBIN,optics-14,7.374289311507872,0.9836132927106664,-2.578440289843713,0.9143797797706272,0.08904899135446687,False,0.5261497064518215,80.65148729655432,1295.7285798117682,1,5.0,3.0,2723500.0,2356875.0,0.8653846153846154,0.12019833221268639,True,1400000.0,11.472115384615385,15.855769230769232,25.182692307692307,102.90627896175937,1.2862837137571186,True,False,False,False,False,unchecked,unchecked
MAHABANK,UNIONBANK,optics-14,6.361997986683716,0.9714991646451162,-0.7334419327681572,0.8664488301288368,0.08357348703170028,False,0.5608166968888645,60.90907233573208,1171.3663378762772,11,5.0,3.0,2723500.0,2469150.0,0.9066091426473288,0.06679369819272193,True,1400000.0,11.725646227281073,16.206177712502296,25.73922342573894,91.01800147590497,0.7262152696913966,True,False,False,True,False,unchecked,unchecked
MARUTI,TMPV,optics-11,6.251596646348922,0.5066867362246692,6.600741030569414,0.7351176324210152,0.07060518731988473,False,0.5606735973585949,44.7416196801828,770.0331799961626,14,4.0,2.0,2675200.0,1022079.9999999999,0.38205741626794254,0.24596917788956085,True,1700000.0,8.499653110047847,11.74748803827751,18.657775119617224,82.54287288375897,-0.276669957188388,True,False,False,False,False,unchecked,unchecked
MARUTI,TVSMOTOR,optics-11,4.9839984766783285,0.08388243883749995,8.90248295662297,0.8706521659193409,0.08472622478386167,False,0.5275162234683204,68.73470068727015,890.1167702787383,4,4.0,1.0,2675200.0,753235.0,0.28156212619617227,2.3566278007441395,True,8400000.0,7.88160707610646,10.893278072667464,17.301088703648325,102.89719745683253,-1.158713795339628,True,False,False,False,False,unchecked,unchecked
MARUTI,UNOMINDA,optics-11,2.362009090238263,0.969954843558072,2.7212836195660763,0.34606100631756065,0.03112391930835735,False,0.36187923682569795,13.411558754419465,533.8138666261567,28,4.0,3.0,2675200.0,2105400.0,0.7870065789473685,0.18861523897297833,True,100000.0,10.990090460526318,15.189555921052634,24.124588815789476,44.25475357961558,-2.935185059568132,True,False,True,False,False,unchecked,unchecked
MAZDOCK,RVNL,optics-15,3.3521042851113503,0.2511759670345998,6.412862680836841,0.385279569583007,0.03371757925072046,False,0.38481186231515896,16.01576661066327,625.9724716119824,12,4.0,2.0,2299500.0,824747.0,0.35866362252663625,0.42793765964571706,True,1500000.0,8.355781278538814,11.548640791476407,18.34195890410959,68.25579262111756,1.35601045328804,True,False,True,False,False,unchecked,unchecked
MAZDOCK,SOLARINDS,optics-15,8.958654619275055,-0.0462746528826999,8.282851685089794,0.30850545800605234,0.02795389048991355,False,0.40886503087171094,15.111890847691631,730.9894808340601,12,4.0,1.0,2299500.0,1020000.0,-0.4435746901500326,8.585694597740918,True,19900000.0,8.877984344422702,12.270384866275277,19.48825831702544,75.01845151502832,0.3030498612480148,True,False,True,False,False,unchecked,unchecked
MFSL,SBILIFE,optics-8,0.6732468074988809,0.5883422291364075,2.95381329430046,0.03373638680480028,0.004610951008645533,False,0.4770156637819589,10.311492803587932,374.5203245022003,44,4.0,2.0,2503040.0,1320825.0,0.5276883309895167,0.10309288564229199,True,2900000.0,9.395283235585527,12.985350813410891,20.623792468358474,36.31924875861688,0.11627202910738214,True,False,True,False,False,unchecked,unchecked
MPHASIS,NAUKRI,optics-18,0.8102606614371439,0.7031156946325565,2.8586344736783627,0.8061143889724229,0.07809798270893373,False,0.29405384214955615,11.25780945671519,458.5826004143425,37,4.0,2.0,2700500.0,1489400.0,0.5515274949083503,0.21559495952287794,True,1700000.0,9.541894093686356,13.187983706720978,20.94562118126273,43.787920773108944,-2.677643223296571,True,False,True,False,False,unchecked,unchecked
MPHASIS,OFSS,optics-18,15.048403454006506,-0.07290612088418305,8.49523011464133,0.7068151127646713,0.06801152737752161,False,0.4801051943072345,36.85562600693252,1099.5715454715148,3,4.0,1.0,2700500.0,1219000.0,-0.451397889279763,5.191495087179897,True,15200000.0,8.926097019070543,12.336882058877986,19.5938715052768,112.23627195629925,-0.031105067767035206,True,False,True,False,False,unchecked,unchecked
MPHASIS,PERSISTENT,optics-18,4.959242895941145,0.844328832444354,0.5733106717266717,0.4877861408029779,0.04438040345821326,False,0.4096495426900034,24.545779757520595,666.2591260079361,17,4.0,3.0,2700500.0,2203125.0,0.8158211442325495,0.03376372701767627,True,2400000.0,11.16730003703018,15.434479725976672,24.51358544713942,54.3583579354104,-1.4244271871886278,True,False,True,True,False,unchecked,unchecked
MPHASIS,TATAELXSI,optics-18,1.6417928730530442,0.5948182992090597,2.809333781060397,0.7299955918019309,0.07031700288184439,False,0.4557949897199658,28.74372671798911,632.5803458831657,20,4.0,3.0,2700500.0,1381875.0,0.5117107942973523,0.13971914620349926,True,3100000.0,9.297021384928717,12.849541751527493,20.408095723014256,61.9930790671276,1.7687087139103654,True,False,True,False,False,unchecked,unchecked
MPHASIS,TCS,optics-18,0.86343935946761,0.6535546560377734,2.6725723453175365,0.45071574075279286,0.040634005763688766,False,0.4156910825471188,17.76720152184663,501.7289716745088,28,4.0,3.0,2700500.0,1580850.0,0.5853915941492316,0.10429588598111404,True,3100000.0,9.750158304017775,13.475828550268469,21.402786521014626,46.88445321658273,1.2464023352282132,True,False,True,False,False,unchecked,unchecked
MPHASIS,TECHM,optics-18,4.5783759768388315,0.8884077200008319,1.338326895374549,0.8323336360903455,0.08155619596541787,False,0.39076247435518496,57.6219574841376,946.6924496122108,3,4.0,2.0,2700500.0,1969080.0,0.7291538603962229,0.1792576268973213,True,1700000.0,10.634296241436772,14.697807813367895,23.34357711534901,81.10945849766408,-1.1548348179175796,True,False,True,False,False,unchecked,unchecked
MPHASIS,WIPRO,optics-18,0.8065550133970523,0.6833727652589974,4.1582124077131635,0.4394385831624938,0.03948126801152738,False,0.3914604364780628,16.412444335427658,518.79345321076,16,4.0,3.0,2700500.0,1628550.0,0.6030549898167006,0.11753142578319822,True,3100000.0,9.85878818737271,13.625967413441956,21.641242362525457,47.94488639054442,1.8378632876821714,True,False,True,False,False,unchecked,unchecked
NATIONALUM,NMDC,optics-12,109.39596900590261,2.879554913425962,-6.893361623480459,0.31533510725579783,0.029106628242074932,False,0.4152220693387515,14.945697793401852,1390.4056802874527,29,3.0,12.0,2221593.75,7027560.0,3.1632966198252945,0.0985366540767752,True,800000.0,25.60427421192556,35.388021268515,56.20450436764147,49.47666369202781,0.1456244680223035,True,False,True,True,False,unchecked,unchecked
NATIONALUM,SAIL,optics-12,69.93525761298247,1.5319197617673803,-1.9499985306606835,0.5511254569387768,0.04899135446685879,False,0.49105467606918957,20.316253048708912,1285.9630645371997,19,3.0,4.0,2221593.75,3760000.0,1.6924786541193682,0.10480894388799487,True,2800000.0,16.558743722834112,22.88606856001463,36.34846183061147,70.75749562828567,-1.4606902627232854,True,False,True,False,False,unchecked,unchecked
NATIONALUM,TATASTEEL,optics-12,99.6136711987827,2.442139143294614,-7.009847994065382,0.6178055880781557,0.056195965417867436,False,0.4829681350149132,21.37231084979644,1285.9051103257564,11,3.0,12.0,2221593.75,6154500.0,2.7703084778663967,0.13437782014707794,True,1400000.0,23.187397138878342,32.047622061864374,50.899164451196356,50.527552826872856,1.7112505418769755,True,False,True,False,False,unchecked,unchecked
NATIONALUM,VEDL,optics-12,25.013591290516946,1.0999899735432737,-0.25307116402691815,0.20273227058281085,0.018443804034582133,False,0.41868763154311317,13.548807299975323,758.4987633403894,17,3.0,8.0,2221593.75,2649140.0,1.1924502398334529,0.08405555369959182,True,1400000.0,13.483568974975734,18.63582703858435,29.59807823775161,51.2532440280493,0.037199493435094565,True,False,True,True,False,unchecked,unchecked
NAUKRI,OFSS,optics-18,16.07305857189686,0.06805626187224942,6.4597776964456655,0.8680187841321558,0.08414985590778098,False,0.5558864317730231,71.93598160216746,1427.3928065755545,4,3.0,1.0,2234100.0,1219000.0,0.5456335884696298,7.0173899279666,True,16100000.0,9.505646569088224,13.137885501991855,20.866053444340004,136.81483279846003,0.7758353608640979,True,False,False,False,False,unchecked,unchecked
NAUKRI,PERSISTENT,optics-18,7.4162615885190295,1.0028769621586051,-1.54784819674327,0.4662652505522403,0.042363112391930836,False,0.40339858782312016,22.210874811735945,974.6268906076077,12,3.0,3.0,2234100.0,2203125.0,0.9861353565194038,0.01669357884457382,True,100000.0,12.214732442594334,16.882150530414933,26.81282731301195,72.69855425762077,0.5667574624525293,True,False,True,True,False,unchecked,unchecked
NAUKRI,TATAELXSI,optics-18,2.7461852828839373,0.5676404204171719,2.281254492756141,0.9794004401616185,0.0962536023054755,False,0.5658280295614054,325.56584251483685,1140.260361058584,8,3.0,3.0,2234100.0,1381875.0,0.6185376661742984,0.08966459033999193,True,100000.0,9.954006646971935,13.757570162481535,21.850258493353028,104.3704230231837,2.3510962027486633,True,False,False,True,False,unchecked,unchecked
NAUKRI,TCS,optics-18,1.9617672229365593,0.7186261996571609,1.400957668254222,0.9689810313458193,0.0936599423631124,False,0.43551793183038673,133.39722232791758,935.3928764909342,10,3.0,3.0,2234100.0,1580850.0,0.7076003759903317,0.015342919131099591,True,100000.0,10.50174231234054,14.514603195917818,23.052605075869476,81.15289993581378,2.503891008863402,True,False,True,True,False,unchecked,unchecked
NAUKRI,TECHM,optics-18,6.919456277134017,1.1671647994416112,-1.4576222984675218,0.7279086843486364,0.06974063400576369,False,0.4371493641453709,39.69361107660021,1218.5016461556488,4,3.0,3.0,2234100.0,2953620.0,1.322062575533772,0.1327128578297308,True,3400000.0,14.280684839532698,19.73753189203706,31.347844769705922,77.74069669588195,0.22913030749841723,True,False,True,False,False,unchecked,unchecked
NAUKRI,WIPRO,optics-18,2.028262326958789,0.7102301424800216,3.256057134012125,0.9701254835050708,0.09423631123919309,False,0.4616403515014084,140.7598517872603,1009.5005989206869,6,3.0,3.0,2234100.0,1628550.0,0.7289512555391433,0.026359220679863408,True,100000.0,10.633050221565732,14.696085672082718,23.340841949778433,86.50078699755471,2.6035472967432507,True,False,True,True,False,unchecked,unchecked
NESTLEIND,TATACONSUM,optics-9,4.142824292442927,0.2188823918152132,5.640371006585719,0.9087514130850018,0.08876080691642652,False,0.564255705381807,75.88181483975006,785.5927085038135,5,3.0,1.0,2181900.0,572385.0,0.2623332875017187,0.1985125223009623,True,4800000.0,7.763349718135571,10.72983294376461,17.041499381273205,92.19760432196433,1.5452947010652573,True,False,False,False,False,unchecked,unchecked
NHPC,NTPC,optics-1,3.0113125426420155,-0.10836088251469432,5.008344155398186,0.23409936343134513,0.02132564841498559,False,0.44950891409039284,12.474855249851114,466.26312296314217,29,5.0,1.0,2599994.9999999995,495075.0,-0.1904138277188995,0.7572192409292935,True,3900000.0,7.321045040471233,10.118517535610646,16.070586674205146,58.02689502450335,-1.3907964921695732,True,False,True,False,False,unchecked,unchecked
NHPC,POWERGRID,optics-1,1.2764211283356401,0.0924266741349351,3.850481333123598,0.30938181417418087,0.028242074927953893,False,0.45617068907343084,14.428581417800345,468.838522958957,23,5.0,1.0,2599994.9999999995,505495.0,0.19442152773370722,1.1035218409987173,True,5000000.0,7.345692395562299,10.15258298573651,16.124690624405048,58.15163017755644,-1.0979786717704556,True,False,True,False,False,unchecked,unchecked
NHPC,TATAPOWER,optics-1,0.9960491969928728,0.2993215595474328,2.5874584972941994,0.3572261221373473,0.03198847262247839,False,0.4818715338160938,15.821058469460771,448.5933881027819,21,5.0,1.0,2599994.9999999995,510182.50000000006,0.19622441581618433,0.34443607699735673,True,1300000.0,7.356780157269534,10.167907534437568,16.14902961351849,55.556698927254494,-0.6098377328960076,True,False,True,False,False,unchecked,unchecked
NMDC,SAIL,optics-12,5.987847261677914,0.47702475835374497,1.9936384834985457,0.0023936379250062067,0.00028818443804034583,False,0.34711911436621723,4.999261588070023,262.52671461019804,40,4.0,1.0,2342520.0,940000.0,0.4012772569711251,0.15879155128977218,True,3900000.0,8.617855130372421,11.910856684254563,18.91724296911019,27.755282843158035,-2.2063034264875556,True,True,True,False,False,unchecked,unchecked
NMDC,TATASTEEL,optics-12,1.0330157100871895,0.6648412207779328,0.918299543363532,0.30469466899689135,0.027665706051873202,False,0.400467767562974,13.939646549762598,410.03396275607224,21,4.0,3.0,2342520.0,1538625.0,0.6568247016034015,0.012057795040372549,True,2100000.0,10.189471914860919,14.083009963628912,22.36713347164592,36.663970667127174,1.6771667982549836,True,False,True,True,False,unchecked,unchecked
NMDC,VEDL,optics-12,35.56404430061626,0.2940989520652738,2.7870760033949704,0.007886004631237759,0.0017291066282420751,False,0.35098847035641917,5.887626293852342,320.1047621842968,38,4.0,2.0,2342520.0,662285.0,0.28272330652459743,0.03867965343226253,True,900000.0,7.888748335126276,10.90314810545908,17.316764638082066,36.97050446482829,0.33270367408898516,True,False,True,True,False,unchecked,unchecked
NTPC,POWERGRID,optics-1,0.8484728271582545,0.9500248357073251,0.4966419729671632,0.3128878964384081,0.02881844380403458,False,0.4169618585849619,15.553160498046314,390.1542393979383,13,5.0,5.0,2475375.0,2527475.0,1.0210473160632227,0.07475855123620957,True,100000.0,12.429440993788822,17.178902186537396,27.28413876685351,28.599344310029842,-0.052198268405014174,True,False,True,True,False,unchecked,unchecked
NTPC,TATAPOWER,optics-1,1.148701845506673,0.7501333126753709,1.3909981269674159,0.7368635958454499,0.07089337175792508,False,0.48497160239462955,37.08158336576291,540.4002292656601,16,5.0,4.0,2475375.0,2040730.0000000002,0.824412462758168,0.09902126572392654,True,1300000.0,11.220136645962734,15.507505933444428,24.629568247235266,43.882233244289324,0.18617091139460917,True,False,True,True,False,unchecked,unchecked
OBEROIRLTY,PHOENIXLTD,optics-13,3.9358779428641,0.6402736451789519,2.63135296778537,0.42868679264300863,0.03804034582132565,False,0.366048415738165,14.91344561459787,467.1114009286031,18,4.0,2.0,2618000.0,1341900.0,0.5125668449197861,0.19945659363110702,True,1700000.0,9.302286096256685,12.856818181818182,20.419652406417114,45.751160855393195,1.3448970571559105,True,False,True,False,False,unchecked,unchecked
OBEROIRLTY,PRESTIGE,optics-13,2.3751280583714447,0.4516947242586967,4.102967909176484,0.7653858112974279,0.07435158501440922,False,0.4768242638389605,30.755935030174395,547.562532164829,5,4.0,2.0,2618000.0,1429200.0,0.545912910618793,0.20858819308709745,True,3000000.0,9.507364400305578,13.14025974025974,20.869824293353705,52.47409124946089,1.8560711741231193,True,False,True,False,False,unchecked,unchecked
OFSS,PERSISTENT,optics-18,12.307245034410336,-0.2941651945250523,11.594406290062333,0.9280411437381706,0.09106628242074928,False,0.5341517737130919,189.40698519509198,1647.4519126467003,15,2.0,1.0,2438000.0,734375.0,-0.3012202625102543,0.023983353967463216,True,1900000.0,8.002504614438065,11.060372231337162,17.56647354388843,187.56774471901525,2.2268704632010192,True,False,False,True,False,unchecked,unchecked
OFSS,TATAELXSI,optics-18,24.38415653051056,-0.5758481501084642,13.929415358679757,0.7105901880634247,0.0685878962536023,False,0.5020208342826584,39.55443738853609,1427.1187069309296,20,2.0,3.0,2438000.0,1381875.0,-0.5668068088597211,0.015700912205830878,True,2000000.0,9.635861874487285,13.317857875307629,21.151891919606236,134.9400528666749,1.456331074784179,True,False,False,True,False,unchecked,unchecked
OFSS,TCS,optics-18,21.30052579256928,-0.535726040330794,13.295823631463463,0.8905781225879937,0.08703170028818445,False,0.5263697068089321,56.44228558600579,1468.163273441842,18,2.0,3.0,2438000.0,1580850.0,-0.6484208367514356,0.2103590042982718,True,3500000.0,10.137788146021329,14.0115771123872,22.25368129614438,131.9479014643939,1.8330226622365413,True,False,False,False,False,unchecked,unchecked
OFSS,TECHM,optics-18,7.560198990053409,0.5039937485627953,5.3794462201152236,0.9258349611881564,0.0904899135446686,False,0.5856416766053396,922.3112801143059,1644.172840354739,7,2.0,1.0,2438000.0,984540.0,0.40383100902379,0.19873805939980924,True,3100000.0,8.63356070549631,11.932563576702215,18.951718621821165,173.51174035072734,1.8116051940908837,True,False,False,False,False,unchecked,unchecked
OFSS,WIPRO,optics-18,20.909871609115136,-0.5247073091781319,11.887268447490865,0.7432894742721582,0.07146974063400577,False,0.5347976995024539,62.05736899553488,1498.6204818061065,24,2.0,2.0,2438000.0,1085700.0,-0.44532403609515997,0.1512905798993211,True,4700000.0,8.888742821985234,12.28525430680886,19.51187448728466,153.61112360400998,1.6591738886174157,True,False,False,False,False,unchecked,unchecked
PERSISTENT,TATAELXSI,optics-18,9.79258440588912,0.42232494467045567,5.031987308063844,0.7381242855944625,0.07118155619596543,False,0.5163612292486552,30.559439226139144,823.9882036540289,15,3.0,2.0,2203125.0,921250.0,0.41815602836879434,0.009871347535283232,True,1900000.0,8.721659574468086,12.054326241134753,19.145106382978724,86.0782058005809,2.164238354235495,True,False,False,True,False,unchecked,unchecked
PERSISTENT,TCS,optics-18,5.533595493534255,0.5367604026092312,4.360444784880583,0.3964559598998316,0.034870317002881845,False,0.44036053926722696,20.712632908317484,662.1537931780119,15,3.0,3.0,2203125.0,1580850.0,0.7175489361702128,0.3368142148380458,True,2600000.0,10.56292595744681,14.59916595744681,23.18691063829787,57.114447328255196,2.317001311202115,True,False,True,False,False,unchecked,unchecked
PERSISTENT,TECHM,optics-18,1.6654861271491899,1.105493311981854,0.5164263831018313,0.6565622440026542,0.06195965417867435,False,0.4230287406331288,28.233243993124642,765.9941602045936,14,3.0,3.0,2203125.0,2953620.0,1.3406502127659574,0.2127167104815225,True,2600000.0,14.394998808510639,19.89552680851064,31.598777872340424,48.48251810872069,-0.28632332357185203,True,False,True,False,False,unchecked,unchecked
PERSISTENT,WIPRO,optics-18,6.297476075460509,0.5381796257402898,5.704696130112955,0.5958028036652039,0.05389048991354466,False,0.453150078596898,20.617643116549168,708.5580278715353,17,3.0,2.0,2203125.0,1085700.0,0.4928,0.08432059403562162,True,1900000.0,9.180719999999999,12.688799999999999,20.1528,70.31856892060014,2.4865812567674417,True,False,True,True,False,unchecked,unchecked
PHOENIXLTD,PRESTIGE,optics-13,10.39285857429763,0.33296155136897543,5.028139521857644,0.6558079762570782,0.06167146974063401,False,0.5113551368957687,35.02027830654592,762.7047296893771,9,4.0,1.0,2683800.0,714600.0,0.26626425217974514,0.20031531843542758,True,1700000.0,7.7875251509054335,10.763246143527834,17.09456740442656,89.23358066281084,1.0013546497326926,True,False,False,False,False,unchecked,unchecked
PNB,RBLBANK,optics-14,14.455904981311582,-0.0637117234451718,5.105824550146579,0.4841575508800211,0.043515850144092226,False,0.5043599138749053,18.17692246726406,680.6944767478752,9,3.0,1.0,2769600.0,1212850.0,-0.43791522241478914,5.8733852850746455,True,17100000.0,8.843178617850953,12.222279390525706,19.411855502599654,70.13183017529839,0.31398517599700054,True,False,False,False,False,unchecked,unchecked
PNB,SBIN,optics-14,7.861975198088655,0.264707447715722,2.9106508240954017,0.6864519745461815,0.06541786743515851,False,0.45227298146937484,24.953704765972915,635.5419843777003,7,3.0,1.0,2769600.0,785625.0,0.2836600953206239,0.0715984675476746,True,2400000.0,7.8945095862218375,10.911110810225303,17.32941128682842,73.34836410291182,-0.04822422351767049,True,False,True,True,False,unchecked,unchecked
PNB,UNIONBANK,optics-14,8.50146272516242,0.14841937326583993,3.9826941212424,0.6936341760160252,0.06657060518731989,False,0.5093415485965423,26.240884292793297,663.3455664375352,11,3.0,1.0,2769600.0,823050.0,0.29717287694974004,1.0022512587858845,True,5100000.0,7.977613193240902,11.025969454072792,17.51183383882149,75.75969170824168,-0.14912006392211316,True,False,False,False,False,unchecked,unchecked
POWERGRID,TATAPOWER,optics-1,0.4261646792725715,0.7790968273689622,1.004010310607422,0.29658278024793067,0.027089337175792507,False,0.42840732330610265,14.308969524100451,398.4923736784492,29,5.0,4.0,2527475.0,2040730.0000000002,0.8074184710036698,0.03635189188274681,True,1800000.0,11.11562359667257,15.363057003531193,24.40014935854954,32.66310937878107,0.29284316798867865,True,False,True,True,False,unchecked,unchecked
RBLBANK,SBIN,optics-14,4.526210774079274,0.572805910135078,1.811446523724589,0.9485759510158503,0.09164265129682997,False,0.439835107920276,45.407749327094926,888.8366024744889,11,2.0,2.0,2425700.0,1571250.0,0.6477511646122769,0.13083882891418747,True,5500000.0,10.133669662365504,14.005884899204354,22.24464072226574,79.91467370248954,1.6942280536053245,True,False,True,False,False,unchecked,unchecked
RBLBANK,UNIONBANK,optics-14,4.763809911923866,0.5366064356185399,3.0342801856731882,0.825832999236088,0.0798270893371758,False,0.4566947675322689,31.490393715175863,852.3125240592353,11,2.0,2.0,2425700.0,1646100.0,0.6786082367976254,0.2646293293433979,True,4300000.0,10.323440656305397,14.268170012779816,22.661211196767944,75.22215089551757,1.2550692837087618,True,False,True,False,False,unchecked,unchecked
RVNL,SOLARINDS,optics-15,20.974979852763138,-0.8418125912334112,13.762767985380894,0.1313715263567513,0.014985590778097984,False,0.4534946881638792,10.76591713728852,902.5127740428672,27,6.0,2.0,2474241.0,2040000.0,-0.8244952694583915,0.02057146917896142,True,1100000.0,11.220645907169107,15.508209790396327,24.630686137688283,73.2836080162542,-0.46773677240728556,True,False,True,True,False,unchecked,unchecked
SAIL,TATASTEEL,optics-12,4.625636778025367,1.3940907116879353,-2.2561768661601627,0.8692257530579723,0.08443804034582132,False,0.38872910395106486,22.541201173207376,659.7224089991951,13,3.0,7.0,2820000.0,3590125.0,1.2730939716312057,0.08679258748537912,True,1700000.0,13.979527925531917,19.32129875886525,30.68676861702128,42.99718991156739,4.025735703069901,True,False,True,True,False,unchecked,unchecked
SAIL,VEDL,optics-12,13.853063594894234,0.6006024191215834,1.7504599879636928,0.21243309665802151,0.01959654178674352,False,0.3931376296455511,8.67574873625248,483.9998651897736,23,3.0,5.0,2820000.0,1655712.5,0.5871320921985815,0.022428026418380105,True,2500000.0,9.760862367021277,13.490622783687943,21.426283244680853,45.17814495987569,3.0325193390893532,True,False,True,True,False,unchecked,unchecked
SBIN,UNIONBANK,optics-14,0.6114258935018151,0.8016221748697925,2.82313592889306,0.031279154643757044,0.004322766570605188,False,0.3957283380394536,7.275746381226395,319.5235035596847,30,3.0,2.0,2356875.0,1646100.0,0.6984248210023867,0.12873565265852102,True,2800000.0,10.445312649164679,14.436610978520287,22.92873508353222,27.871010101134754,-1.816726793197654,True,False,True,False,False,unchecked,unchecked
SUNPHARMA,ZYDUSLIFE,optics-6,2.8112461295783815,0.36287075420910625,4.972120453335559,0.5532076532750861,0.04985590778097983,False,0.5379914691057804,25.70297799059001,508.97022324903867,9,4.0,1.0,2688000.0,1071900.0,0.39877232142857144,0.09893761567452393,True,2400000.0,8.602449776785715,11.889564732142857,18.883426339285716,53.90655425601019,0.3518923069281294,True,False,False,True,False,unchecked,unchecked
TATAELXSI,TCS,optics-18,1.1235049689391663,0.9314265186387852,1.0915773919313803,0.4298881903945027,0.038328530259365994,False,0.4961494044609245,17.26703558473228,594.7284637341945,29,5.0,4.0,2303125.0,2107800.0,0.91519131614654,0.017430470538858833,True,1700000.0,11.778426594301223,16.27912618724559,25.855082767978292,46.00476193182178,-1.786813922398275,True,False,True,True,False,unchecked,unchecked
TATAELXSI,TECHM,optics-18,9.738910505201476,0.4595156234970856,5.088028120367057,0.9635725793187293,0.09279538904899136,False,0.41459012959860747,184.07563749553915,1496.92095792708,1,5.0,1.0,2303125.0,984540.0,0.42748005427408414,0.06971595215674885,True,2100000.0,8.779002333785618,12.133580461329716,19.270980732700135,155.35493275513647,-1.8557863346606442,True,False,True,True,False,unchecked,unchecked
TATAELXSI,WIPRO,optics-18,0.772219707207359,1.0088337406897712,3.021064297477346,0.14286213556838828,0.015561959654178675,False,0.4371486244496359,10.562651083483212,497.53607227709404,27,5.0,5.0,2303125.0,2714250.0,1.1785074626865673,0.16818799288055616,True,2100000.0,13.397820895522388,18.51731343283582,29.409850746268656,33.83465469237163,-1.0688466621936723,True,False,True,False,False,unchecked,unchecked
TATASTEEL,VEDL,optics-12,30.76671919560878,0.35048444239010373,3.3136744138420955,0.35183975251466243,0.03170028818443804,False,0.4549400313383416,14.283391715283074,421.62669905008215,16,5.0,3.0,2564375.0,993427.5,0.3873955642213015,0.10531457995534695,True,800000.0,8.532482719961004,11.792862295881061,18.729840116987567,45.02192185481345,-1.659332006190846,True,False,True,False,False,unchecked,unchecked
TCS,TECHM,optics-18,6.462420494287456,0.8837969523750292,1.4357016593712357,0.9785358466247662,0.09567723342939483,False,0.42586954931965165,512.8873212730787,1397.0913641030852,3,5.0,2.0,2634750.0,1969080.0,0.7473498434386564,0.15438739471741583,True,800000.0,10.746201537147739,14.85247366922858,23.58922288642186,118.45166505313422,-1.5724818902365554,True,False,True,False,False,unchecked,unchecked
TCS,WIPRO,optics-18,0.26090310265412686,1.0233335718406043,2.393081128945325,0.06820804222487059,0.008645533141210375,False,0.3655160805974456,8.476227726691917,367.51533728596684,17,5.0,5.0,2634750.0,2714250.0,1.0301736407628808,0.006684104880849084,True,100000.0,12.485567890691716,17.256475946484485,27.407344150298886,26.818748673388622,1.2561545928895355,True,False,True,True,False,unchecked,unchecked
TECHM,WIPRO,optics-18,6.948745730602964,0.13878194774636393,6.565430966776143,0.5719430294822951,0.051585014409221905,False,0.5371251209060938,21.25246056335085,613.0994055255615,13,3.0,1.0,2953620.0,542850.0,0.1837914152802324,0.3243178833037218,True,3500000.0,7.28031720397343,10.062227029881976,15.981184106283138,76.72765690553759,1.8944722904024924,True,False,False,False,False,unchecked,unchecked
TMPV,TVSMOTOR,optics-11,15.307962437815,-0.4291896789597264,9.417054765902305,0.36374712088535827,0.032853025936599424,False,0.5001539363142398,16.50694022437082,839.9866162303954,15,5.0,1.0,2555200.0,753235.0,-0.2947851440200376,0.3131588235426808,True,3400000.0,7.962928635723231,11.005673724170318,17.479599444270505,96.11051087394657,-0.7075320154988396,True,False,False,False,False,unchecked,unchecked
TMPV,UNOMINDA,optics-11,1.9216987988996155,0.6709537765294162,1.1482213032777018,0.8588397821189047,0.0829971181556196,False,0.5637092885849979,38.871546669139335,737.9892018459262,17,5.0,2.0,2555200.0,1403600.0,0.5493112085159675,0.1812979854479076,True,800000.0,9.5282639323732,13.169145272385723,20.91570131496556,70.56796143076319,-2.4403236097280665,True,False,False,False,False,unchecked,unchecked
TVSMOTOR,UNOMINDA,optics-11,8.481257088044273,0.1981006579984629,6.792875374238573,0.856164964609347,0.08242074927953891,False,0.463143511961963,38.397679778824966,656.6161002947588,23,3.0,1.0,2259705.0,701800.0,0.3105715126532003,0.5677459923207832,True,3400000.0,8.060014802817182,11.139857857552203,17.692715420818203,74.22445731785737,2.4025792055376387,True,False,True,False,False,unchecked,unchecked
